title,poster,director,writers,cast,genre,runtime,description
The Invisible Man (2020) ,"https://m.media-amazon.com/images/M/MV5BZjFhM2I4ZDYtZWMwNC00NTYzLWE3MDgtNjgxYmM3ZWMxYmVmXkEyXkFqcGdeQXVyMTkxNjUyNQ@@._V1_UX182_CR0,0,182,268_AL_.jpg",['Leigh Whannell'],['Leigh Whannell'],"[['Elisabeth Moss', 'https://m.media-amazon.com/images/M/MV5BNTMwMDg1MDkyNV5BMl5BanBnXkFtZTcwNzEwMzg1Nw@@._V1_UY317_CR131,0,214,317_AL_.jpg'], ['Oliver Jackson-Cohen', 'https://m.media-amazon.com/images/M/MV5BMTg3OTI0NDA2MF5BMl5BanBnXkFtZTcwNDAyMDYzNw@@._V1_UY317_CR5,0,214,317_AL_.jpg'], ['Harriet Dyer', 'https://m.media-amazon.com/images/M/MV5BZjhlZTFiZDAtMWVlMi00MzYxLWI1ZjItOThiNzkyMjZlYTEwXkEyXkFqcGdeQXVyMTExNDQ2MTI@._V1_UY317_CR105,0,214,317_AL_.jpg']]","['Horror', 'Mystery', 'Sci-Fi']",2h 4min,"When Cecilia's abusive ex takes his own life and leaves her his fortune, she suspects his death was a hoax. As a series of coincidences turn lethal, Cecilia works to prove that she is being hunted by someone nobody can see."
Knives Out (2019) ,"https://m.media-amazon.com/images/M/MV5BMGUwZjliMTAtNzAxZi00MWNiLWE2NzgtZGUxMGQxZjhhNDRiXkEyXkFqcGdeQXVyNjU1NzU3MzE@._V1_UX182_CR0,0,182,268_AL_.jpg",['Rian Johnson'],['Rian Johnson'],"[['Daniel Craig', 'https://m.media-amazon.com/images/M/MV5BMjEzMjk4NDU4MF5BMl5BanBnXkFtZTcwMDMyNjQzMg@@._V1_UX214_CR0,0,214,317_AL_.jpg'], ['Chris Evans', 'https://m.media-amazon.com/images/M/MV5BMTU2NTg1OTQzMF5BMl5BanBnXkFtZTcwNjIyMjkyMg@@._V1_UY317_CR6,0,214,317_AL_.jpg'], ['Ana de Armas', 'https://m.media-amazon.com/images/M/MV5BMjA3NjYzMzE1MV5BMl5BanBnXkFtZTgwNTA4NDY4OTE@._V1_UX214_CR0,0,214,317_AL_.jpg']]","['Comedy', 'Crime', 'Drama']",2h 11min,"A detective investigates the death of a patriarch of an eccentric, combative family."
Gisaengchung (2019) ,"https://m.media-amazon.com/images/M/MV5BYWZjMjk3ZTItODQ2ZC00NTY5LWE0ZDYtZTI3MjcwN2Q5NTVkXkEyXkFqcGdeQXVyODk4OTc3MTY@._V1_UX182_CR0,0,182,268_AL_.jpg",['Bong Joon Ho'],['Bong Joon Ho'],"[['Kang-ho Song', 'https://m.media-amazon.com/images/M/MV5BYjYyYzcyZTAtY2I4Yy00NGE2LThiNzYtYmVjNGIyNWU2YjVkXkEyXkFqcGdeQXVyNTI5NjIyMw@@._V1_UX214_CR0,0,214,317_AL_.jpg'], ['Sun-kyun Lee', 'https://m.media-amazon.com/images/M/MV5BZWNhYTI0OTctODExYi00MDAyLWI3ZmEtNGYwMmJiMjhhOGU4XkEyXkFqcGdeQXVyNTI5NjIyMw@@._V1_UX214_CR0,0,214,317_AL_.jpg'], ['Yeo-jeong Jo', 'https://m.media-amazon.com/images/M/MV5BYzI3YWY1MjQtZDhmMC00MWFlLTk3NWYtMzU3MDYxNTcxZmUwXkEyXkFqcGdeQXVyNTI5NjIyMw@@._V1_UY317_CR20,0,214,317_AL_.jpg']]","['Comedy', 'Drama', 'Thriller']",2h 12min,"A poor family, the Kims, con their way into becoming the servants of a rich family, the Parks. But their easy life gets complicated when their deception is threatened with exposure."
Spenser Confidential (2020) ,"https://m.media-amazon.com/images/M/MV5BMTdkOTEwYjMtNDA1YS00YzVlLTg0NWUtMmQzNDZhYWUxZmIyXkEyXkFqcGdeQXVyMTkxNjUyNQ@@._V1_UX182_CR0,0,182,268_AL_.jpg",['Peter Berg'],"[""Sean O'Keefe"", 'Brian Helgeland']","[['Mark Wahlberg', 'https://m.media-amazon.com/images/M/MV5BMTU0MTQ4OTMyMV5BMl5BanBnXkFtZTcwMTQxOTY1NA@@._V1_UY317_CR14,0,214,317_AL_.jpg'], ['Winston Duke', 'https://m.media-amazon.com/images/M/MV5BODgzMTk5MTEyOV5BMl5BanBnXkFtZTgwOTQyNzE2NzM@._V1_UX214_CR0,0,214,317_AL_.jpg'], ['Alan Arkin', 'https://m.media-amazon.com/images/M/MV5BMjA4NDk5Njc3MF5BMl5BanBnXkFtZTYwNjc5NDc0._V1_UY317_CR4,0,214,317_AL_.jpg']]","['Action', 'Comedy', 'Crime']",1h 51min,"When two Boston police officers are murdered, ex-cop Spenser teams up with his no-nonsense roommate, Hawk, to take down criminals."
Candyman (2020) ,"https://m.media-amazon.com/images/M/MV5BM2RiMzdmZjYtY2VhZS00YzQ4LWIzNjItYWY5ZTFiNTI0ZGU3XkEyXkFqcGdeQXVyMTQxNzMzNDI@._V1_UX182_CR0,0,182,268_AL_.jpg",['Nia DaCosta'],"['Jordan Peele', 'Win Rosenfeld']","[['Yahya Abdul-Mateen II', 'https://m.media-amazon.com/images/M/MV5BMzAzZmFmMjAtYTE1Yy00ZWViLWE2YWYtYjUzZWE3MDVlMWIwXkEyXkFqcGdeQXVyMDM2NDM2MQ@@._V1_UY317_CR2,0,214,317_AL_.jpg'], ['Teyonah Parris', 'https://m.media-amazon.com/images/M/MV5BMjIzNzc4MTg3NF5BMl5BanBnXkFtZTgwMDE4ODM0NTE@._V1_UY317_CR51,0,214,317_AL_.jpg'], ['Nathan Stewart-Jarrett', 'https://m.media-amazon.com/images/M/MV5BNjZjMzJkOTMtZjc5NC00OWU4LTgzNmUtZjhhY2JjNzRkMDhmXkEyXkFqcGdeQXVyMjE4OTcyMzI@._V1_UY317_CR51,0,214,317_AL_.jpg']]","['Horror', 'Thriller']",---,"A ""spiritual sequel"" to the 1992 horror film 'Candyman' that returns to the now-gentrified Chicago neighborhood where the legend began."
Onward (2020) ,"https://m.media-amazon.com/images/M/MV5BMTZlYzk3NzQtMmViYS00YWZmLTk5ZTEtNWE0NGVjM2MzYWU1XkEyXkFqcGdeQXVyNDg4NjY5OTQ@._V1_UX182_CR0,0,182,268_AL_.jpg",['Dan Scanlon'],"['Dan Scanlon', 'Keith Bunin']","[['Tom Holland', 'https://m.media-amazon.com/images/M/MV5BNTAzMzA3NjQwOF5BMl5BanBnXkFtZTgwMDUzODQ5MTI@._V1_UY317_CR23,0,214,317_AL_.jpg'], ['Chris Pratt', 'https://m.media-amazon.com/images/M/MV5BNzg3MTgwOTgzMV5BMl5BanBnXkFtZTgwODIxMTUwMjE@._V1_UX214_CR0,0,214,317_AL_.jpg'], ['Julia Louis-Dreyfus', 'https://m.media-amazon.com/images/M/MV5BMTYzMDM2MTg2Nl5BMl5BanBnXkFtZTcwODQ0OTA1Mg@@._V1_UY317_CR7,0,214,317_AL_.jpg']]","['Animation', 'Adventure', 'Comedy']",1h 42min,"Set in a suburban fantasy world, two teenage elf brothers embark on a quest to discover if there is still magic out there."
Sonic the Hedgehog (2020) ,"https://m.media-amazon.com/images/M/MV5BNDc1ZTlmOWUtNDY2YS00OGU5LTg2MTYtYTk2MmQzMGE2NzUwXkEyXkFqcGdeQXVyODkzNTgxMDg@._V1_UX182_CR0,0,182,268_AL_.jpg",['Jeff Fowler'],"['Patrick Casey', 'Josh Miller']","[['Ben Schwartz', 'https://m.media-amazon.com/images/M/MV5BMjA1MjAxMzk1NF5BMl5BanBnXkFtZTgwNjU1NjgyODE@._V1_UX214_CR0,0,214,317_AL_.jpg'], ['James Marsden', 'https://m.media-amazon.com/images/M/MV5BMTQyOTUzNjc0MF5BMl5BanBnXkFtZTcwNTYyMDYzMw@@._V1_UX214_CR0,0,214,317_AL_.jpg'], ['Jim Carrey', 'https://m.media-amazon.com/images/M/MV5BMTQwMjAwNzI0M15BMl5BanBnXkFtZTcwOTY1MTMyOQ@@._V1_UY317_CR22,0,214,317_AL_.jpg']]","['Action', 'Adventure', 'Comedy']",1h 39min,"After discovering a small, blue, fast hedgehog, a small-town police officer must help it defeat an evil genius who wants to do experiments on it."
Guns Akimbo (2019) ,"https://m.media-amazon.com/images/M/MV5BNzU3ZTI1OTktNjVkNy00OWEzLWIyNzAtMWQ5YjRkZDU1ZjAxXkEyXkFqcGdeQXVyODk4OTc3MTY@._V1_UX182_CR0,0,182,268_AL_.jpg",['Jason Lei Howden'],['Jason Lei Howden'],"[['Samara Weaving', 'https://m.media-amazon.com/images/M/MV5BMTU1Njc2NTc3OV5BMl5BanBnXkFtZTgwMzUyNjU5NDM@._V1_UY317_CR131,0,214,317_AL_.jpg'], ['Daniel Radcliffe', 'https://m.media-amazon.com/images/M/MV5BMTg4NTExODc3Nl5BMl5BanBnXkFtZTgwODUyMDEzMDE@._V1_UY317_CR11,0,214,317_AL_.jpg'], ['Natasha Liu Bordizzo', 'https://m.media-amazon.com/images/M/MV5BNzcwMmVmZTItYmVmYS00OWIxLWIxNWQtNjcyMGJlZDhiNmZkXkEyXkFqcGdeQXVyNTU1NjIzMDc@._V1_UY317_CR14,0,214,317_AL_.jpg']]","['Action', 'Comedy']",1h 35min,A guy relies on his newly-acquired gladiator skills to save his ex-girlfriend from kidnappers.
Birds of Prey: And the Fantabulous Emancipation of One Harley Quinn (2020) ,"https://m.media-amazon.com/images/M/MV5BMzQ3NTQxMjItODBjYi00YzUzLWE1NzQtZTBlY2Y2NjZlNzkyXkEyXkFqcGdeQXVyMTkxNjUyNQ@@._V1_UX182_CR0,0,182,268_AL_.jpg",['Cathy Yan'],"['Christina Hodson', 'Paul Dini']","[['Margot Robbie', 'https://m.media-amazon.com/images/M/MV5BMTgxNDcwMzU2Nl5BMl5BanBnXkFtZTcwNDc4NzkzOQ@@._V1_UY317_CR12,0,214,317_AL_.jpg'], ['Rosie Perez', 'https://m.media-amazon.com/images/M/MV5BODE2ODY5MjU0NV5BMl5BanBnXkFtZTcwMjE3MzQzMg@@._V1_UX214_CR0,0,214,317_AL_.jpg'], ['Mary Elizabeth Winstead', 'https://m.media-amazon.com/images/M/MV5BNjE3MTU2NjU0OF5BMl5BanBnXkFtZTgwNjgwNzgwNzE@._V1_UY317_CR6,0,214,317_AL_.jpg']]","['Action', 'Adventure', 'Crime']",1h 49min,"After splitting with the Joker, Harley Quinn joins superheroes Black Canary, Huntress and Renee Montoya to save a young girl from an evil crime lord."
Jojo Rabbit (2019) ,"https://m.media-amazon.com/images/M/MV5BZjU0Yzk2MzEtMjAzYy00MzY0LTg2YmItM2RkNzdkY2ZhN2JkXkEyXkFqcGdeQXVyNDg4NjY5OTQ@._V1_UX182_CR0,0,182,268_AL_.jpg",['Taika Waititi'],"['Taika Waititi', 'Christine Leunens']","[['Roman Griffin Davis', 'https://m.media-amazon.com/images/M/MV5BMGEzZmM5MDgtZjliYi00ODgyLTkzMzMtYTdjNzU1OTcyNTkxXkEyXkFqcGdeQXVyODk0NTg3MDk@._V1_UY317_CR130,0,214,317_AL_.jpg'], ['Thomasin McKenzie', 'https://m.media-amazon.com/images/M/MV5BOWRlYTk0YjAtMDNkNy00ZDlmLTk4NzktOWJiYWFmNzcyY2Y0XkEyXkFqcGdeQXVyOTE0NjgwMjY@._V1_UY317_CR2,0,214,317_AL_.jpg'], ['Scarlett Johansson', 'https://m.media-amazon.com/images/M/MV5BMTM3OTUwMDYwNl5BMl5BanBnXkFtZTcwNTUyNzc3Nw@@._V1_UY317_CR23,0,214,317_AL_.jpg']]","['Comedy', 'Drama', 'War']",1h 48min,A young boy in Hitler's army finds out his mother is hiding a Jewish girl in their home.
Greyhound (2020) ,"https://m.media-amazon.com/images/M/MV5BMmNmN2JhNGQtZjkxYi00ZWE0LWFjYTctYjE2NjI2NWYwNjAxXkEyXkFqcGdeQXVyMTkxNjUyNQ@@._V1_UX182_CR0,0,182,268_AL_.jpg",['Aaron Schneider'],"['C.S. Forester', 'Tom Hanks']","[['Tom Hanks', 'https://m.media-amazon.com/images/M/MV5BMTQ2MjMwNDA3Nl5BMl5BanBnXkFtZTcwMTA2NDY3NQ@@._V1_UY317_CR2,0,214,317_AL_.jpg'], ['Elisabeth Shue', 'https://m.media-amazon.com/images/M/MV5BOWFkZTIxN2ItODhlOC00MDMwLWEyYTEtZWMxNWQ2MzU3ZjZmXkEyXkFqcGdeQXVyNjk1MjYyNTA@._V1_UY317_CR51,0,214,317_AL_.jpg'], ['Stephen Graham', 'https://m.media-amazon.com/images/M/MV5BNDA0OGU1OWUtZDNhNC00YzdkLTk5ZWYtY2RjNTM0NjBmYmYwXkEyXkFqcGdeQXVyNjg2NjQwMDQ@._V1_UX214_CR0,0,214,317_AL_.jpg']]","['Drama', 'History', 'War']",---,"Early in World War II, an inexperienced U.S. Navy captain must lead an Allied convoy being stalked by Nazi U-boat wolfpacks."
Emma. (2020) ,"https://m.media-amazon.com/images/M/MV5BOGRiODEzM2QtOTUyYi00MWRlLTg4MzMtZGI0YmUzNWUyMjQ0XkEyXkFqcGdeQXVyMDA4NzMyOA@@._V1_UX182_CR0,0,182,268_AL_.jpg",['Autumn de Wilde'],"['Eleanor Catton', 'Jane Austen']","[['Anya Taylor-Joy', 'https://m.media-amazon.com/images/M/MV5BYWUxMzhlM2QtNDM5MS00OThlLTlhZDEtMDhlNTliZDIzZGQ1XkEyXkFqcGdeQXVyNzcyNzc0NzE@._V1_UY317_CR19,0,214,317_AL_.jpg'], ['Johnny Flynn', 'https://m.media-amazon.com/images/M/MV5BMDE5OTQ0ZmQtZDgzYy00MGU1LTgyNjQtYWFiODg0YjQyODdiXkEyXkFqcGdeQXVyMTkxNjUyNQ@@._V1_UY317_CR5,0,214,317_AL_.jpg'], ['Bill Nighy', 'https://m.media-amazon.com/images/M/MV5BMjI0NzYwMDAxM15BMl5BanBnXkFtZTgwMzg2ODg2MjE@._V1_UY317_CR17,0,214,317_AL_.jpg']]","['Comedy', 'Drama']",2h 4min,"In 1800s England, a well meaning but selfish young woman meddles in the love lives of her friends."
All the Bright Places (2020) ,"https://m.media-amazon.com/images/M/MV5BY2FkY2E1OTgtYmFhYi00NzczLThjYjktNDljN2ZiZGY4OGIzXkEyXkFqcGdeQXVyMTkxNjUyNQ@@._V1_UX182_CR0,0,182,268_AL_.jpg",['Brett Haley'],"['Liz Hannah', 'Jennifer Niven']","[['Elle Fanning', 'https://m.media-amazon.com/images/M/MV5BN2I3N2UwMzQtNjhlYy00NmEwLTgwMDgtNmY5MzNlOGE4NDQxXkEyXkFqcGdeQXVyNDIzOTc1MDY@._V1_UY317_CR131,0,214,317_AL_.jpg'], ['Justice Smith', 'https://m.media-amazon.com/images/M/MV5BNDI4Y2UzZTAtYWVhOS00MDhkLWFhNzAtOGVhNjcwMTM0MjQ2XkEyXkFqcGdeQXVyNTU2NjEwMzY@._V1_UY317_CR130,0,214,317_AL_.jpg'], ['Alexandra Shipp', 'https://m.media-amazon.com/images/M/MV5BNjc4NTA0MTMxMF5BMl5BanBnXkFtZTgwNzA1MzQ1NjE@._V1_UY317_CR6,0,214,317_AL_.jpg']]","['Drama', 'Romance']",1h 47min,"The story of Violet and Theodore, who meet and change each other's lives forever. As they struggle with the emotional and physical scars of their past, they discover that even the smallest places and moments can mean something."
The Gentlemen (2019) ,"https://m.media-amazon.com/images/M/MV5BMTlkMmVmYjktYTc2NC00ZGZjLWEyOWUtMjc2MDMwMjQwOTA5XkEyXkFqcGdeQXVyNTI4MzE4MDU@._V1_UX182_CR0,0,182,268_AL_.jpg",['Guy Ritchie'],['Guy Ritchie'],"[['Matthew McConaughey', 'https://m.media-amazon.com/images/M/MV5BMTg0MDc3ODUwOV5BMl5BanBnXkFtZTcwMTk2NjY4Nw@@._V1_UX214_CR0,0,214,317_AL_.jpg'], ['Charlie Hunnam', 'https://m.media-amazon.com/images/M/MV5BMjE5NjE5Mzk2MV5BMl5BanBnXkFtZTcwODI5MDE1Ng@@._V1_UY317_CR5,0,214,317_AL_.jpg'], ['Michelle Dockery', 'https://m.media-amazon.com/images/M/MV5BMTQzODcyOTUzN15BMl5BanBnXkFtZTcwODM1NDU5OA@@._V1_UY317_CR2,0,214,317_AL_.jpg']]","['Action', 'Comedy', 'Crime']",1h 53min,"An American expat tries to sell off his highly profitable marijuana empire in London, triggering plots, schemes, bribery and blackmail in an attempt to steal his domain out from under him."
No Time to Die (2020) ,"https://m.media-amazon.com/images/M/MV5BNGEwMDU2ZDQtZmE5Zi00YjFiLWIwYWItOGMyMzY5MzljOWU3XkEyXkFqcGdeQXVyODk2NDQ3MTA@._V1_UY268_CR1,0,182,268_AL_.jpg",['Cary Joji Fukunaga'],"['Neal Purvis', 'Robert Wade']","[['Ana de Armas', 'https://m.media-amazon.com/images/M/MV5BMjA3NjYzMzE1MV5BMl5BanBnXkFtZTgwNTA4NDY4OTE@._V1_UX214_CR0,0,214,317_AL_.jpg'], ['Daniel Craig', 'https://m.media-amazon.com/images/M/MV5BMjEzMjk4NDU4MF5BMl5BanBnXkFtZTcwMDMyNjQzMg@@._V1_UX214_CR0,0,214,317_AL_.jpg'], ['Léa Seydoux', 'https://m.media-amazon.com/images/M/MV5BMjM3MTczNzY1MF5BMl5BanBnXkFtZTgwNjgwODgzNDE@._V1_UY317_CR6,0,214,317_AL_.jpg']]","['Action', 'Adventure', 'Thriller']",2h 43min,"James Bond has left active service. His peace is short-lived when Felix Leiter, an old friend from the CIA, turns up asking for help, leading Bond onto the trail of a mysterious villain armed with dangerous new technology."
Jumanji: The Next Level (2019) ,"https://m.media-amazon.com/images/M/MV5BOTVjMmFiMDUtOWQ4My00YzhmLWE3MzEtODM1NDFjMWEwZTRkXkEyXkFqcGdeQXVyMTkxNjUyNQ@@._V1_UX182_CR0,0,182,268_AL_.jpg",['Jake Kasdan'],"['Jake Kasdan', 'Jeff Pinkner']","[['Dwayne Johnson', 'https://m.media-amazon.com/images/M/MV5BMTkyNDQ3NzAxM15BMl5BanBnXkFtZTgwODIwMTQ0NTE@._V1_UX214_CR0,0,214,317_AL_.jpg'], ['Jack Black', 'https://m.media-amazon.com/images/M/MV5BYTFiMWNlNmItMDRiYy00NzA4LWE5YjItZmViNWQ2NzhhOWZlXkEyXkFqcGdeQXVyMTA2Mjc5ODMy._V1_UY317_CR16,0,214,317_AL_.jpg'], ['Kevin Hart', 'https://m.media-amazon.com/images/M/MV5BMTY4OTAxMjkxN15BMl5BanBnXkFtZTgwODg5MzYyMTE@._V1_UX214_CR0,0,214,317_AL_.jpg']]","['Action', 'Adventure', 'Comedy']",2h 3min,"In Jumanji: The Next Level, the gang is back but the game has changed. As they return to rescue one of their own, the players will have to brave parts unknown from arid deserts to snowy mountains, to escape the world's most dangerous game."
Artemis Fowl (2020) ,"https://m.media-amazon.com/images/M/MV5BYzhlNTk0OGYtZDQxNi00YjY3LWEyMWItZmYxNzU2ZDIyYmU3XkEyXkFqcGdeQXVyMTkxNjUyNQ@@._V1_UX182_CR0,0,182,268_AL_.jpg",['Kenneth Branagh'],"['Eoin Colfer', 'Michael Goldenberg']","[['Miranda Raison', 'https://m.media-amazon.com/images/M/MV5BMmIyY2M5NWYtNTc2ZC00ZjA2LTliZTgtNTMzYTYwZjhjNzFkXkEyXkFqcGdeQXVyMjgwMDIwMA@@._V1_UX214_CR0,0,214,317_AL_.jpg'], ['Colin Farrell', 'https://m.media-amazon.com/images/M/MV5BMTg4NzM5NDk0MV5BMl5BanBnXkFtZTcwNzAzMTUxNw@@._V1_UY317_CR3,0,214,317_AL_.jpg'], ['Josh Gad', 'https://m.media-amazon.com/images/M/MV5BMzU0MDIxYzktNmZiZC00ODcwLWIyYWMtNzI3MjhlMTA2MzhiXkEyXkFqcGdeQXVyMjQwMDg0Ng@@._V1_UY317_CR29,0,214,317_AL_.jpg']]","['Adventure', 'Family', 'Fantasy']",---,"Artemis Fowl, a young criminal prodigy, hunts down a secret society of fairies to find his missing father."
1917 (2019) ,"https://m.media-amazon.com/images/M/MV5BOTdmNTFjNDEtNzg0My00ZjkxLTg1ZDAtZTdkMDc2ZmFiNWQ1XkEyXkFqcGdeQXVyNTAzNzgwNTg@._V1_UX182_CR0,0,182,268_AL_.jpg",['Sam Mendes'],"['Sam Mendes', 'Krysty Wilson-Cairns']","[['Dean-Charles Chapman', 'https://m.media-amazon.com/images/M/MV5BNzM2Mjc2NzAzMV5BMl5BanBnXkFtZTgwMjE0MzAwNTE@._V1_UY317_CR12,0,214,317_AL_.jpg'], ['George MacKay', 'https://m.media-amazon.com/images/M/MV5BMTQ4NjQ0NTEwOV5BMl5BanBnXkFtZTgwODQyMzIyMTI@._V1_UX214_CR0,0,214,317_AL_.jpg'], ['Daniel Mays', 'https://m.media-amazon.com/images/M/MV5BMDBkMDgwYzgtMTNjNC00MzY3LWJjOGItZjVhNGE5OTAyNjNiXkEyXkFqcGdeQXVyMjQwMDg0Ng@@._V1_UY317_CR12,0,214,317_AL_.jpg']]","['Drama', 'War']",1h 59min,"April 6th, 1917. As a regiment assembles to wage war deep in enemy territory, two soldiers are assigned to race against time and deliver a message that will stop 1,600 men from walking straight into a deadly trap."
Uncut Gems (2019) ,"https://m.media-amazon.com/images/M/MV5BZDhkMjUyYjItYWVkYi00YTM5LWE4MGEtY2FlMjA3OThlYmZhXkEyXkFqcGdeQXVyODk4OTc3MTY@._V1_UX182_CR0,0,182,268_AL_.jpg","['Benny Safdie', 'Josh Safdie']","['Ronald Bronstein', 'Josh Safdie']","[['Adam Sandler', 'https://m.media-amazon.com/images/M/MV5BMjQyNzM2MjM1Ml5BMl5BanBnXkFtZTcwMDE5NjI3Mg@@._V1_UY317_CR7,0,214,317_AL_.jpg'], ['Julia Fox', 'https://m.media-amazon.com/images/M/MV5BYzU2YzA4Y2MtMTY5OS00NWEzLWFiZGQtZDJlNzkwODY1OGQ4XkEyXkFqcGdeQXVyNjg1OTI1MjA@._V1_UY317_CR20,0,214,317_AL_.jpg'], ['Idina Menzel', 'https://m.media-amazon.com/images/M/MV5BMTM3MTUyMzM4OF5BMl5BanBnXkFtZTYwNzMwOTI4._V1_UX214_CR0,0,214,317_AL_.jpg']]","['Crime', 'Drama', 'Thriller']",2h 15min,"With his debts mounting and angry collectors closing in, a fast-talking New York City jeweler risks everything in hope of staying afloat and alive."
The Way Back (2020) ,"https://m.media-amazon.com/images/M/MV5BYjJmOWE3ZTAtOTEzMC00OTEzLWJlMWUtYjA3ZDQwYTE5YmUyXkEyXkFqcGdeQXVyNDg4NjY5OTQ@._V1_UX182_CR0,0,182,268_AL_.jpg","[""Gavin O'Connor""]","['Brad Ingelsby', ""Gavin O'Connor""]","[['Ben Affleck', 'https://m.media-amazon.com/images/M/MV5BMTI4MzIxMTk0Nl5BMl5BanBnXkFtZTcwOTU5NjA0Mg@@._V1_UX214_CR0,0,214,317_AL_.jpg'], ['Al Madrigal', 'https://m.media-amazon.com/images/M/MV5BMjllOTk2ZDMtMWQ1Zi00YjM3LWFiOWQtNjk1ZmYwYmU2YzZhXkEyXkFqcGdeQXVyODkxODYyMzI@._V1_UY317_CR2,0,214,317_AL_.jpg'], ['Janina Gavankar', 'https://m.media-amazon.com/images/M/MV5BN2Q0NzhjZDktNTg5Yi00YTIwLWJhN2UtZDg3ZDk0NDQ4ZjcyXkEyXkFqcGdeQXVyMDUxNjM5Mw@@._V1_UY317_CR17,0,214,317_AL_.jpg']]","['Drama', 'Sport']",1h 48min,"Jack Cunningham was an HS basketball phenom who walked away from the game, forfeiting his future. Years later, when he reluctantly accepts a coaching job at his alma mater, he may get one last shot at redemption."
Once Upon a Time... in Hollywood (2019) ,"https://m.media-amazon.com/images/M/MV5BOTg4ZTNkZmUtMzNlZi00YmFjLTk1MmUtNWQwNTM0YjcyNTNkXkEyXkFqcGdeQXVyNjg2NjQwMDQ@._V1_UX182_CR0,0,182,268_AL_.jpg",['Quentin Tarantino'],['Quentin Tarantino'],"[['Leonardo DiCaprio', 'https://m.media-amazon.com/images/M/MV5BMjI0MTg3MzI0M15BMl5BanBnXkFtZTcwMzQyODU2Mw@@._V1_UY317_CR10,0,214,317_AL_.jpg'], ['Brad Pitt', 'https://m.media-amazon.com/images/M/MV5BMjA1MjE2MTQ2MV5BMl5BanBnXkFtZTcwMjE5MDY0Nw@@._V1_UX214_CR0,0,214,317_AL_.jpg'], ['Margot Robbie', 'https://m.media-amazon.com/images/M/MV5BMTgxNDcwMzU2Nl5BMl5BanBnXkFtZTcwNDc4NzkzOQ@@._V1_UY317_CR12,0,214,317_AL_.jpg']]","['Comedy', 'Drama']",2h 41min,A faded television actor and his stunt double strive to achieve fame and success in the film industry during the final years of Hollywood's Golden Age in 1969 Los Angeles.
The Call of the Wild (2020) ,"https://m.media-amazon.com/images/M/MV5BNWI1YzQwMDQtNzczMC00YWQ2LThmNjMtMThkMTFhNjBmMmQ3XkEyXkFqcGdeQXVyNDg4NjY5OTQ@._V1_UX182_CR0,0,182,268_AL_.jpg",['Chris Sanders'],"['Michael Green', 'Jack London']","[['Harrison Ford', 'https://m.media-amazon.com/images/M/MV5BMTY4Mjg0NjIxOV5BMl5BanBnXkFtZTcwMTM2NTI3MQ@@._V1_UX214_CR0,0,214,317_AL_.jpg'], ['Omar Sy', 'https://m.media-amazon.com/images/M/MV5BMjI2MjE3MDQ3NV5BMl5BanBnXkFtZTcwOTY0NzU0Nw@@._V1_UX214_CR0,0,214,317_AL_.jpg'], ['Cara Gee', 'https://m.media-amazon.com/images/M/MV5BMDU4MjM2MjQtNGFkNC00NGE3LTg4NWQtMDcyYzAxNjYwNDJiXkEyXkFqcGdeQXVyNjE4NjI4NDY@._V1_UX214_CR0,0,214,317_AL_.jpg']]","['Adventure', 'Drama', 'Family']",1h 40min,A sled dog struggles for survival in the wilds of the Yukon.
Joker (2019) ,"https://m.media-amazon.com/images/M/MV5BNGVjNWI4ZGUtNzE0MS00YTJmLWE0ZDctN2ZiYTk2YmI3NTYyXkEyXkFqcGdeQXVyMTkxNjUyNQ@@._V1_UX182_CR0,0,182,268_AL_.jpg",['Todd Phillips'],"['Todd Phillips', 'Scott Silver']","[['Joaquin Phoenix', 'https://m.media-amazon.com/images/M/MV5BZGMyY2Q4NTEtMWVkZS00NzcwLTkzNmQtYzBlMWZhZGNhMDhkXkEyXkFqcGdeQXVyNjk1MjYyNTA@._V1_UX214_CR0,0,214,317_AL_.jpg'], ['Robert De Niro', 'https://m.media-amazon.com/images/M/MV5BMjAwNDU3MzcyOV5BMl5BanBnXkFtZTcwMjc0MTIxMw@@._V1_UY317_CR13,0,214,317_AL_.jpg'], ['Zazie Beetz', 'https://m.media-amazon.com/images/M/MV5BNjEwNzEwYjQtYWUwNy00YWZlLWE5ZmQtMDBiMjc5ZjdiMjc1XkEyXkFqcGdeQXVyNjEyNzc2MTI@._V1_UX214_CR0,0,214,317_AL_.jpg']]","['Crime', 'Drama', 'Thriller']",2h 2min,"In Gotham City, mentally troubled comedian Arthur Fleck is disregarded and mistreated by society. He then embarks on a downward spiral of revolution and bloody crime. This path brings him face-to-face with his alter-ego: the Joker."
Little Women (2019) ,"https://m.media-amazon.com/images/M/MV5BY2QzYTQyYzItMzAwYi00YjZlLThjNTUtNzMyMDdkYzJiNWM4XkEyXkFqcGdeQXVyMTkxNjUyNQ@@._V1_UX182_CR0,0,182,268_AL_.jpg",['Greta Gerwig'],"['Greta Gerwig', 'Louisa May Alcott']","[['Saoirse Ronan', 'https://m.media-amazon.com/images/M/MV5BMjExNTM5NDE4NV5BMl5BanBnXkFtZTcwNzczMzEzOQ@@._V1_UX214_CR0,0,214,317_AL_.jpg'], ['Emma Watson', 'https://m.media-amazon.com/images/M/MV5BMTQ3ODE2NTMxMV5BMl5BanBnXkFtZTgwOTIzOTQzMjE@._V1_UY317_CR21,0,214,317_AL_.jpg'], ['Florence Pugh', 'https://m.media-amazon.com/images/M/MV5BNTk4YWEwOGEtMDBhZS00OTc0LThjZGQtMjU4YjZhM2Q1YjdlXkEyXkFqcGdeQXVyNTQ1OTQ0OTA@._V1_UY317_CR3,0,214,317_AL_.jpg']]","['Drama', 'Romance']",2h 15min,"Jo March reflects back and forth on her life, telling the beloved story of the March sisters - four young women each determined to live life on their own terms."
Frozen II (2019) ,"https://m.media-amazon.com/images/M/MV5BMjA0YjYyZGMtN2U0Ni00YmY4LWJkZTItYTMyMjY3NGYyMTJkXkEyXkFqcGdeQXVyNDg4NjY5OTQ@._V1_UX182_CR0,0,182,268_AL_.jpg","['Chris Buck', 'Jennifer Lee']",['Jennifer Lee'],"[['Kristen Bell', 'https://m.media-amazon.com/images/M/MV5BMjA1Njc0MTUzN15BMl5BanBnXkFtZTgwNTg1MjEwNDI@._V1_UX214_CR0,0,214,317_AL_.jpg'], ['Idina Menzel', 'https://m.media-amazon.com/images/M/MV5BMTM3MTUyMzM4OF5BMl5BanBnXkFtZTYwNzMwOTI4._V1_UX214_CR0,0,214,317_AL_.jpg'], ['Josh Gad', 'https://m.media-amazon.com/images/M/MV5BMzU0MDIxYzktNmZiZC00ODcwLWIyYWMtNzI3MjhlMTA2MzhiXkEyXkFqcGdeQXVyMjQwMDg0Ng@@._V1_UY317_CR29,0,214,317_AL_.jpg']]","['Animation', 'Adventure', 'Comedy']",1h 43min,"Anna, Elsa, Kristoff, Olaf and Sven leave Arendelle to travel to an ancient, autumn-bound forest of an enchanted land. They set out to find the origin of Elsa's powers in order to save their kingdom."
The Batman (2021) ,"https://m.media-amazon.com/images/M/MV5BZjE4MTdhNGYtMjA1My00ODU1LTg0NzQtZDdiMmY0Y2E4NzY1XkEyXkFqcGdeQXVyMTkxNjUyNQ@@._V1_UY268_CR9,0,182,268_AL_.jpg",['Matt Reeves'],"['Bill Finger', 'Bob Kane']","[['Robert Pattinson', 'https://m.media-amazon.com/images/M/MV5BNzk0MDQ5OTUxMV5BMl5BanBnXkFtZTcwMDM5ODk5Mg@@._V1_UY317_CR12,0,214,317_AL_.jpg'], ['Zoë Kravitz', 'https://m.media-amazon.com/images/M/MV5BNzk0MjE4NDYwOF5BMl5BanBnXkFtZTgwNjc5MzU1MDI@._V1_UY317_CR12,0,214,317_AL_.jpg'], ['Colin Farrell', 'https://m.media-amazon.com/images/M/MV5BMTg4NzM5NDk0MV5BMl5BanBnXkFtZTcwNzAzMTUxNw@@._V1_UY317_CR3,0,214,317_AL_.jpg']]","['Action', 'Crime', 'Drama']",---,The plot is unknown.
Ford v Ferrari: The IMAX 2D Experience (2019) ,"https://m.media-amazon.com/images/M/MV5BM2UwMDVmMDItM2I2Yi00NGZmLTk4ZTUtY2JjNTQ3OGQ5ZjM2XkEyXkFqcGdeQXVyMTA1OTYzOTUx._V1_UX182_CR0,0,182,268_AL_.jpg",['James Mangold'],"['Jez Butterworth', 'John-Henry Butterworth']","[['Matt Damon', 'https://m.media-amazon.com/images/M/MV5BMTM0NzYzNDgxMl5BMl5BanBnXkFtZTcwMDg2MTMyMw@@._V1_UY317_CR11,0,214,317_AL_.jpg'], ['Christian Bale', 'https://m.media-amazon.com/images/M/MV5BMTkxMzk4MjQ4MF5BMl5BanBnXkFtZTcwMzExODQxOA@@._V1_UX214_CR0,0,214,317_AL_.jpg'], ['Jon Bernthal', 'https://m.media-amazon.com/images/M/MV5BMTcwNzA5MDg0OV5BMl5BanBnXkFtZTcwMTU2NjE0Nw@@._V1_UY317_CR9,0,214,317_AL_.jpg']]","['Action', 'Biography', 'Drama']",2h 32min,American car designer Carroll Shelby and driver Ken Miles battle corporate interference and the laws of physics to build a revolutionary race car for Ford in order to defeat Ferrari at the 24 Hours of Le Mans in 1966.
Bombshell (2019) ,"https://m.media-amazon.com/images/M/MV5BZjlhOWE3YjktY2MzOC00ZmQ1LWIwNjgtZmVhZmFjZGExMzgyXkEyXkFqcGdeQXVyMDA4NzMyOA@@._V1_UX182_CR0,0,182,268_AL_.jpg",['Jay Roach'],['Charles Randolph'],"[['Charlize Theron', 'https://m.media-amazon.com/images/M/MV5BMTk5Mzc4ODU0Ml5BMl5BanBnXkFtZTcwNjU1NTI0Mw@@._V1_UY317_CR12,0,214,317_AL_.jpg'], ['Nicole Kidman', 'https://m.media-amazon.com/images/M/MV5BMTk1MjM5NDg4MF5BMl5BanBnXkFtZTcwNDg1OTQ4Nw@@._V1_UY317_CR10,0,214,317_AL_.jpg'], ['Margot Robbie', 'https://m.media-amazon.com/images/M/MV5BMTgxNDcwMzU2Nl5BMl5BanBnXkFtZTcwNDc4NzkzOQ@@._V1_UY317_CR12,0,214,317_AL_.jpg']]","['Biography', 'Drama']",1h 49min,A group of women take on Fox News head Roger Ailes and the toxic atmosphere he presided over at the network.
The Hunt (2020) ,"https://m.media-amazon.com/images/M/MV5BNjg4MjRhZjgtNTIxOS00MmRjLTg4NTEtNjBkNzkwZjAxMjMyXkEyXkFqcGdeQXVyMTkxNjUyNQ@@._V1_UX182_CR0,0,182,268_AL_.jpg",['Craig Zobel'],"['Nick Cuse', 'Damon Lindelof']","[['Betty Gilpin', 'https://m.media-amazon.com/images/M/MV5BMTY3NDY3NjM5OV5BMl5BanBnXkFtZTgwNTQ0NTUzNjM@._V1_UX214_CR0,0,214,317_AL_.jpg'], ['Hilary Swank', 'https://m.media-amazon.com/images/M/MV5BNWNjZjc1NTYtZmY2Mi00MjZhLWE4ZjYtYTMyNWFmYjRkZDdmXkEyXkFqcGdeQXVyMTAyNzUwOTA5._V1_UX214_CR0,0,214,317_AL_.jpg'], ['Ike Barinholtz', 'https://m.media-amazon.com/images/M/MV5BMjE1NDY0NjMwOV5BMl5BanBnXkFtZTgwMDE4MTYxMDI@._V1_UX214_CR0,0,214,317_AL_.jpg']]","['Action', 'Horror', 'Thriller']",1h 29min,"Twelve strangers wake up in a clearing. They don't know where they are, or how they got there. They don't know they've been chosen - for a very specific purpose - The Hunt."
The Last Thing He Wanted (2020) ,"https://m.media-amazon.com/images/M/MV5BMWI3ODZlNjgtNWM4OC00MDFhLTg2MmYtYjk3M2I0OWJmZmE2XkEyXkFqcGdeQXVyODkzNTgxMDg@._V1_UX182_CR0,0,182,268_AL_.jpg",['Dee Rees'],"['Marco Villalobos', 'Dee Rees']","[['Anne Hathaway', 'https://m.media-amazon.com/images/M/MV5BNjQ5MTAxMDc5OF5BMl5BanBnXkFtZTcwOTI0OTE4OA@@._V1_UY317_CR1,0,214,317_AL_.jpg'], ['Ben Affleck', 'https://m.media-amazon.com/images/M/MV5BMTI4MzIxMTk0Nl5BMl5BanBnXkFtZTcwOTU5NjA0Mg@@._V1_UX214_CR0,0,214,317_AL_.jpg'], ['Rosie Perez', 'https://m.media-amazon.com/images/M/MV5BODE2ODY5MjU0NV5BMl5BanBnXkFtZTcwMjE3MzQzMg@@._V1_UX214_CR0,0,214,317_AL_.jpg']]","['Crime', 'Drama', 'Mystery']",1h 55min,A veteran D.C. journalist loses the thread of her own narrative when a guilt-propelled errand for her father thrusts her from byline to unwitting subject in the very story she's trying to break. Adapted from Joan Didion's namesake novel.
Candyman (1992) ,"https://m.media-amazon.com/images/M/MV5BYjVjYjhlNTQtN2UxOC00Njk5LWFjNDctODNjZTI1ZGM0ZDZkXkEyXkFqcGdeQXVyMTQxNzMzNDI@._V1_UX182_CR0,0,182,268_AL_.jpg",['Bernard Rose'],"['Clive Barker', 'Bernard Rose']","[['Virginia Madsen', 'https://m.media-amazon.com/images/M/MV5BNjUyMDcxNTU3N15BMl5BanBnXkFtZTcwMDAwNjQzMg@@._V1_UX214_CR0,0,214,317_AL_.jpg'], ['Xander Berkeley', 'https://m.media-amazon.com/images/M/MV5BMTAwMjA1OTEwOTheQTJeQWpwZ15BbWU2MDkxODgxMw@@._V1_UY317_CR21,0,214,317_AL_.jpg'], ['Tony Todd', 'https://m.media-amazon.com/images/M/MV5BMTUzNTI1Njc4NV5BMl5BanBnXkFtZTcwMDg4NzcyNg@@._V1_UY317_CR22,0,214,317_AL_.jpg']]","['Horror', 'Thriller']",1h 39min,"The Candyman, a murderous soul with a hook for a hand, is accidentally summoned to reality by a skeptic grad student researching the monster's myth."
Connected (2020) ,"https://m.media-amazon.com/images/M/MV5BNjE0ZGQyZDAtMmZmOS00MGI3LTgyZWEtM2VhZTQxZDM2Mjk3XkEyXkFqcGdeQXVyMDA4NzMyOA@@._V1_UX182_CR0,0,182,268_AL_.jpg","['Michael Rianda', 'Jeff Rowe']","['Michael Rianda', 'Jeff Rowe']","[['Olivia Colman', 'https://m.media-amazon.com/images/M/MV5BN2ExMjc5MTQtNzYyYi00OTRiLTgzNmItNjFmMDU3MmQyMGY2XkEyXkFqcGdeQXVyNjg2NjQwMDQ@._V1_UY317_CR131,0,214,317_AL_.jpg'], ['Abbi Jacobson', 'https://m.media-amazon.com/images/M/MV5BMTY3NTUxMzcwOF5BMl5BanBnXkFtZTgwNDg0NTQ5MDE@._V1_UX214_CR0,0,214,317_AL_.jpg'], ['Danny McBride', 'https://m.media-amazon.com/images/M/MV5BMTk5NTM0ODI4NF5BMl5BanBnXkFtZTcwNzg3MjY0Mg@@._V1_UY317_CR16,0,214,317_AL_.jpg']]","['Animation', 'Adventure', 'Comedy']",---,Katie Mitchell is accepted into the film school of her dreams. Her whole family drives Katie to school together when their plans are interrupted by a tech uprising. The Mitchells will have to work together to save the world.
Dark Waters (2019) ,"https://m.media-amazon.com/images/M/MV5BODQ0M2Y5M2QtZGIwMC00MzJjLThlMzYtNmE3ZTMzZTYzOGEwXkEyXkFqcGdeQXVyMTkxNjUyNQ@@._V1_UX182_CR0,0,182,268_AL_.jpg",['Todd Haynes'],"['Nathaniel Rich', 'Mario Correa']","[['Mark Ruffalo', 'https://m.media-amazon.com/images/M/MV5BNDQyNzMzZTMtYjlkNS00YzFhLWFhMTctY2M4YmQ1NmRhODBkXkEyXkFqcGdeQXVyNjcyNzgyOTE@._V1_UY317_CR20,0,214,317_AL_.jpg'], ['Anne Hathaway', 'https://m.media-amazon.com/images/M/MV5BNjQ5MTAxMDc5OF5BMl5BanBnXkFtZTcwOTI0OTE4OA@@._V1_UY317_CR1,0,214,317_AL_.jpg'], ['Tim Robbins', 'https://m.media-amazon.com/images/M/MV5BMTI1OTYxNzAxOF5BMl5BanBnXkFtZTYwNTE5ODI4._V1_UY317_CR16,0,214,317_AL_.jpg']]","['Biography', 'Drama', 'History']",2h 6min,A corporate defense attorney takes on an environmental lawsuit against a chemical company that exposes a lengthy history of pollution.
A Quiet Place Part II (2020) ,"https://m.media-amazon.com/images/M/MV5BMmE3OGY2NzMtMGJmOS00NGViLWI4NjYtMjhlNTMxZjA5MDExXkEyXkFqcGdeQXVyMDM2NDM2MQ@@._V1_UX182_CR0,0,182,268_AL_.jpg",['John Krasinski'],"['Scott Beck', 'John Krasinski']","[['Emily Blunt', 'https://m.media-amazon.com/images/M/MV5BMTUxNDY4MTMzM15BMl5BanBnXkFtZTcwMjg5NzM2Ng@@._V1_UX214_CR0,0,214,317_AL_.jpg'], ['Millicent Simmonds', 'https://m.media-amazon.com/images/M/MV5BZDY5OTJiMWQtYjgxYi00NmFmLTg5ODMtMTU1Yzc4YWQ4NDVkXkEyXkFqcGdeQXVyMTE0MTg2MTMw._V1_UY317_CR21,0,214,317_AL_.jpg'], ['Cillian Murphy', 'https://m.media-amazon.com/images/M/MV5BMTUzMjg1NzIyOV5BMl5BanBnXkFtZTYwMzg2Mjgy._V1_UX214_CR0,0,214,317_AL_.jpg']]","['Horror', 'Thriller']",1h 37min,"Following the events at home, the Abbott family now face the terrors of the outside world. Forced to venture into the unknown, they realize the creatures that hunt by sound are not the only threats lurking beyond the sand path."
Contagion (2011) ,"https://m.media-amazon.com/images/M/MV5BMTY3MDk5MDc3OV5BMl5BanBnXkFtZTcwNzAyNTg0Ng@@._V1_UX182_CR0,0,182,268_AL_.jpg",['Steven Soderbergh'],['Scott Z. Burns'],"[['Matt Damon', 'https://m.media-amazon.com/images/M/MV5BMTM0NzYzNDgxMl5BMl5BanBnXkFtZTcwMDg2MTMyMw@@._V1_UY317_CR11,0,214,317_AL_.jpg'], ['Kate Winslet', 'https://m.media-amazon.com/images/M/MV5BODgzMzM2NTE0Ml5BMl5BanBnXkFtZTcwMTcyMTkyOQ@@._V1_UX214_CR0,0,214,317_AL_.jpg'], ['Jude Law', 'https://m.media-amazon.com/images/M/MV5BMTMwOTg5NTQ3NV5BMl5BanBnXkFtZTcwNzM3MDAzNQ@@._V1_UY317_CR6,0,214,317_AL_.jpg']]","['Action', 'Drama', 'Sci-Fi']",1h 46min,"Healthcare professionals, government officials and everyday people find themselves in the midst of a worldwide epidemic as the CDC works to find a cure."
Bloodshot (2020) ,"https://m.media-amazon.com/images/M/MV5BYjA5YjA2YjUtMGRlNi00ZTU4LThhZmMtNDc0OTg4ZWExZjI3XkEyXkFqcGdeQXVyNjUyNjI3NzU@._V1_UY268_CR16,0,182,268_AL_.jpg",['Dave Wilson'],"['Jeff Wadlow', 'Eric Heisserer']","[['Vin Diesel', 'https://m.media-amazon.com/images/M/MV5BMjExNzA4MDYxN15BMl5BanBnXkFtZTcwOTI1MDAxOQ@@._V1_UY317_CR7,0,214,317_AL_.jpg'], ['Eiza González', 'https://m.media-amazon.com/images/M/MV5BYjI0MjU0YjgtNzRkZC00ZGNlLWEyMzMtOGM2MDEzZDFlYmRjXkEyXkFqcGdeQXVyNjA1OTA1Njk@._V1_UY317_CR20,0,214,317_AL_.jpg'], ['Sam Heughan', 'https://m.media-amazon.com/images/M/MV5BMTUwNzAyMzA2MF5BMl5BanBnXkFtZTgwNzA0MjQ1ODE@._V1_UX214_CR0,0,214,317_AL_.jpg']]","['Action', 'Drama', 'Sci-Fi']",1h 49min,"Ray Garrison, a slain soldier, is re-animated with superpowers."
Midsommar (2019) ,"https://m.media-amazon.com/images/M/MV5BMzQxNzQzOTQwM15BMl5BanBnXkFtZTgwMDQ2NTcwODM@._V1_UX182_CR0,0,182,268_AL_.jpg",['Ari Aster'],['Ari Aster'],"[['Florence Pugh', 'https://m.media-amazon.com/images/M/MV5BNTk4YWEwOGEtMDBhZS00OTc0LThjZGQtMjU4YjZhM2Q1YjdlXkEyXkFqcGdeQXVyNTQ1OTQ0OTA@._V1_UY317_CR3,0,214,317_AL_.jpg'], ['Jack Reynor', 'https://m.media-amazon.com/images/M/MV5BMDg2Y2Q2YjItMjllZS00MzY5LTgyYTgtYjhkMTVlMmE0MWE4XkEyXkFqcGdeQXVyMjQwMDg0Ng@@._V1_UX214_CR0,0,214,317_AL_.jpg'], ['Vilhelm Blomgren', 'https://m.media-amazon.com/images/M/MV5BMTU4N2UzY2EtNjkzYS00ZmYwLTkxMTEtN2QzMzNhYzZmYjg5XkEyXkFqcGdeQXVyMTA5ODg0OTgw._V1_UY317_CR6,0,214,317_AL_.jpg']]","['Drama', 'Horror', 'Mystery']",2h 28min,A couple travels to Sweden to visit a rural hometown's fabled mid-summer festival. What begins as an idyllic retreat quickly devolves into an increasingly violent and bizarre competition at the hands of a pagan cult.
Midway (2019) ,"https://m.media-amazon.com/images/M/MV5BYzA5Y2Q2YjktZDYwMi00NTdmLThlMjctMmY5NDgwOWRhZDUxXkEyXkFqcGdeQXVyODE5NzE3OTE@._V1_UX182_CR0,0,182,268_AL_.jpg",['Roland Emmerich'],['Wes Tooke'],"[['Ed Skrein', 'https://m.media-amazon.com/images/M/MV5BMTQyMzA1MTM4Ml5BMl5BanBnXkFtZTcwNjQ4NzU0OQ@@._V1_UY317_CR19,0,214,317_AL_.jpg'], ['Patrick Wilson', 'https://m.media-amazon.com/images/M/MV5BMTkzNzcxNzcxMF5BMl5BanBnXkFtZTgwOTM1ODUzMTE@._V1_UY317_CR1,0,214,317_AL_.jpg'], ['Woody Harrelson', 'https://m.media-amazon.com/images/M/MV5BMTU3NDc2ODc4MF5BMl5BanBnXkFtZTcwODk2MzAyMg@@._V1_UY317_CR1,0,214,317_AL_.jpg']]","['Action', 'Drama', 'History']",2h 18min,"The story of the Battle of Midway, told by the leaders and the sailors who fought it."
Doctor Sleep (2019) ,"https://m.media-amazon.com/images/M/MV5BYmY3NGJlYTItYmQ4OS00ZTEwLWIzODItMjMzNWU2MDE0NjZhXkEyXkFqcGdeQXVyMzQzMDA3MTI@._V1_UX182_CR0,0,182,268_AL_.jpg",['Mike Flanagan'],"['Stephen King', 'Mike Flanagan']","[['Ewan McGregor', 'https://m.media-amazon.com/images/M/MV5BMTg1MjQ0MDg0Nl5BMl5BanBnXkFtZTcwNjYyNjI5Mg@@._V1_UX214_CR0,0,214,317_AL_.jpg'], ['Rebecca Ferguson', 'https://m.media-amazon.com/images/M/MV5BNzA4NDA1MTA5NV5BMl5BanBnXkFtZTcwNjMyNTQ3OA@@._V1_UY317_CR6,0,214,317_AL_.jpg'], ['Kyliegh Curran', 'https://m.media-amazon.com/images/M/MV5BYjdlMzIyMTktODYxNS00NzVhLWFlY2YtZDdjODY1NzU3N2UwXkEyXkFqcGdeQXVyNjM4ODQ1MjM@._V1_UX214_CR0,0,214,317_AL_.jpg']]","['Drama', 'Fantasy', 'Horror']",2h 32min,"Years following the events of ""The Shining,"" a now-adult Dan Torrance must protect a young girl with similar powers from a cult known as The True Knot, who prey on children with powers to remain immortal."
Fantasy Island (2020) ,"https://m.media-amazon.com/images/M/MV5BOWE2ODZhYWYtNTFiYy00MjdmLWIzZGEtNTkyOTc1NDIwMjk4XkEyXkFqcGdeQXVyMzY0MTE3NzU@._V1_UX182_CR0,0,182,268_AL_.jpg",['Jeff Wadlow'],"['Jillian Jacobs', 'Christopher Roach']","[['Michael Peña', 'https://m.media-amazon.com/images/M/MV5BMTczNzcxNTE5NV5BMl5BanBnXkFtZTcwOTE4MTMzMQ@@._V1_UY317_CR15,0,214,317_AL_.jpg'], ['Maggie Q', 'https://m.media-amazon.com/images/M/MV5BMTU3MTQyMDIyNl5BMl5BanBnXkFtZTcwNTMzODAzMQ@@._V1_UY317_CR20,0,214,317_AL_.jpg'], ['Lucy Hale', 'https://m.media-amazon.com/images/M/MV5BNDI0NWMwYzUtMTc0MS00ZTc2LTk5ZjYtY2U3MTZlMjVlZTRmXkEyXkFqcGdeQXVyMTc4ODc3MQ@@._V1_UY317_CR19,0,214,317_AL_.jpg']]","['Adventure', 'Fantasy', 'Horror']",1h 49min,A horror adaptation of the popular '70s TV show about a magical island resort.
Mulan (2020) ,"https://m.media-amazon.com/images/M/MV5BMjFlZjZkMTYtODM2Zi00OTM4LWIwYTktOTFjMmQzZDEzZDc4XkEyXkFqcGdeQXVyNDg4NjY5OTQ@._V1_UX182_CR0,0,182,268_AL_.jpg",['Niki Caro'],"['Rick Jaffa', 'Amanda Silver']","[['Yifei Liu', 'https://m.media-amazon.com/images/M/MV5BMjQ4MjEyNTE4M15BMl5BanBnXkFtZTgwMzcyNDE0NDM@._V1_UY317_CR16,0,214,317_AL_.jpg'], ['Donnie Yen', 'https://m.media-amazon.com/images/M/MV5BZGU0ZjFjZGMtZGU4My00ZmRmLTk2Y2EtOWNlZjhhZmE2MjIwXkEyXkFqcGdeQXVyMTA2MDIzMDE5._V1_UY317_CR5,0,214,317_AL_.jpg'], ['Jet Li', 'https://m.media-amazon.com/images/M/MV5BMjAxNjc0MjIyM15BMl5BanBnXkFtZTcwNTM2NDA4MQ@@._V1_UY317_CR24,0,214,317_AL_.jpg']]","['Action', 'Adventure', 'Drama']",2h,A young Chinese maiden disguises herself as a male warrior in order to save her father. A live-action feature film based on Disney's 'Mulan.'
Anna (2019) ,"https://m.media-amazon.com/images/M/MV5BOWUyYTU4NTQtYWQ2Mi00NzE0LTk0OTMtN2MzNjRkZjFkZTU2XkEyXkFqcGdeQXVyNDkzNTM2ODg@._V1_UY268_CR3,0,182,268_AL_.jpg",['Luc Besson'],['Luc Besson'],"[['Sasha Luss', 'https://m.media-amazon.com/images/M/MV5BOTEyYWVmYjItZDU3OC00M2RkLWI0ZTktZGZiZjJiYTQxMGZkXkEyXkFqcGdeQXVyNjg2NjQwMDQ@._V1_UY317_CR14,0,214,317_AL_.jpg'], ['Helen Mirren', 'https://m.media-amazon.com/images/M/MV5BMjA4MzY2ODU2MV5BMl5BanBnXkFtZTcwOTQ3ODY4OQ@@._V1_UY317_CR18,0,214,317_AL_.jpg'], ['Luke Evans', 'https://m.media-amazon.com/images/M/MV5BNDU1MDI2OTUyNV5BMl5BanBnXkFtZTcwNTA1OTY1OQ@@._V1_UY317_CR12,0,214,317_AL_.jpg']]","['Action', 'Thriller']",1h 59min,Beneath Anna Poliatova's (Sasha Luss') striking beauty lies a secret that will unleash her indelible strength and skill to become one of the world's most feared government assassins.
Richard Jewell (2019) ,"https://m.media-amazon.com/images/M/MV5BOTFlODg1MTEtZTJhOC00OTY1LWE0YzctZjRlODdkYWY5ZDM4XkEyXkFqcGdeQXVyNjU1NzU3MzE@._V1_UX182_CR0,0,182,268_AL_.jpg",['Clint Eastwood'],"['Billy Ray', 'Marie Brenner']","[['Paul Walter Hauser', 'https://m.media-amazon.com/images/M/MV5BNzFmZTcxN2EtMTNjOC00NTE3LWI4MjMtMzM1M2QwYWM3NmRjXkEyXkFqcGdeQXVyMjk0NjI0MQ@@._V1_UY317_CR132,0,214,317_AL_.jpg'], ['Sam Rockwell', 'https://m.media-amazon.com/images/M/MV5BMTc2NTM3MzE5NF5BMl5BanBnXkFtZTcwMjg4NDMwNA@@._V1_UY317_CR4,0,214,317_AL_.jpg'], ['Brandon Stanley', 'https://m.media-amazon.com/images/M/MV5BZWUxZmZiMjUtOTZlZC00YzU5LWIyZTItMWY5M2VkYWQ4YmY0XkEyXkFqcGdeQXVyMDE4NDkzNw@@._V1_UY317_CR6,0,214,317_AL_.jpg']]","['Biography', 'Crime', 'Drama']",2h 11min,"American security guard Richard Jewell saves thousands of lives from an exploding bomb at the 1996 Olympics, but is vilified by journalists and the press who falsely reported that he was a terrorist."
Escape from Pretoria (2020) ,"https://m.media-amazon.com/images/M/MV5BOWRhYWFkMDEtNTFjZC00OWJkLWJmMWQtNzI2OWRjZjVjOGYyXkEyXkFqcGdeQXVyMzQwMTY2Nzk@._V1_UY268_CR2,0,182,268_AL_.jpg",['Francis Annan'],"['Francis Annan', 'L.H. Adams']","[['Daniel Radcliffe', 'https://m.media-amazon.com/images/M/MV5BMTg4NTExODc3Nl5BMl5BanBnXkFtZTgwODUyMDEzMDE@._V1_UY317_CR11,0,214,317_AL_.jpg'], ['Daniel Webber', 'https://m.media-amazon.com/images/M/MV5BYWZiMTI2MjEtZDk0NC00MWNlLThlMTEtMjI3YzRlNWZkY2JhXkEyXkFqcGdeQXVyMjQwMDg0Ng@@._V1_UY317_CR1,0,214,317_AL_.jpg'], ['Ian Hart', 'https://m.media-amazon.com/images/M/MV5BMjAwMTQ2MjI4Ml5BMl5BanBnXkFtZTYwMjUxNDMz._V1_UY317_CR22,0,214,317_AL_.jpg']]",['Thriller'],1h 46min,"Based on the real-life prison break of two political captives, Escape From Pretoria is a race-against-time thriller set in the tumultuous apartheid days of South Africa."
Charlie's Angels (2019) ,"https://m.media-amazon.com/images/M/MV5BN2VkMjQwZWMtMzc1NC00ZjJiLWJlNTMtNmRjOTE2ZTJmYzUwXkEyXkFqcGdeQXVyMjUxMTY3ODM@._V1_UY268_CR7,0,182,268_AL_.jpg",['Elizabeth Banks'],"['Elizabeth Banks', 'Evan Spiliotopoulos']","[['Kristen Stewart', 'https://m.media-amazon.com/images/M/MV5BMTQxMjUyOTY0Ml5BMl5BanBnXkFtZTcwNjI2MjA2Mw@@._V1_UY317_CR7,0,214,317_AL_.jpg'], ['Naomi Scott', 'https://m.media-amazon.com/images/M/MV5BMzQ5YWRlYjktZDM5My00N2YwLTg4N2ItYmY2ZDQ4ZGYwMzBkXkEyXkFqcGdeQXVyNDU1NjUxOTc@._V1_UY317_CR27,0,214,317_AL_.jpg'], ['Ella Balinska', 'https://m.media-amazon.com/images/M/MV5BZjQwYzhiN2EtMzgyZi00NjM2LTgzODctZWRiMzAxYzRiYzBlXkEyXkFqcGdeQXVyNjc1ODI5MzY@._V1_UY317_CR20,0,214,317_AL_.jpg']]","['Action', 'Adventure', 'Comedy']",1h 58min,"When a young systems engineer blows the whistle on a dangerous technology, Charlie's Angels are called into action, putting their lives on the line to protect us all."
Portrait de la jeune fille en feu (2019) ,"https://m.media-amazon.com/images/M/MV5BNjgwNjkwOWYtYmM3My00NzI1LTk5OGItYWY0OTMyZTY4OTg2XkEyXkFqcGdeQXVyODk4OTc3MTY@._V1_UY268_CR0,0,182,268_AL_.jpg",['Céline Sciamma'],['Céline Sciamma'],"[['Noémie Merlant', 'https://m.media-amazon.com/images/M/MV5BMTEzNDg5MzE0ODdeQTJeQWpwZ15BbWU4MDk5OTI3NjQx._V1_UX214_CR0,0,214,317_AL_.jpg'], ['Adèle Haenel', 'https://m.media-amazon.com/images/M/MV5BMjE5NDU2OTc1OV5BMl5BanBnXkFtZTcwNjE3MDAzNQ@@._V1_UY317_CR6,0,214,317_AL_.jpg'], ['Luàna Bajrami', 'https://m.media-amazon.com/images/M/MV5BY2U5YTNmZWEtYzdlNy00ZTg4LWE5Y2QtMWQxYzhlMmMzMzRiXkEyXkFqcGdeQXVyMDc2NTEzMw@@._V1_UY317_CR268,0,214,317_AL_.jpg']]","['Drama', 'Romance']",2h 2min,"On an isolated island in Brittany at the end of the eighteenth century, a female painter is obliged to paint a wedding portrait of a young woman."
The Lighthouse (2019) ,"https://m.media-amazon.com/images/M/MV5BZmE0MGJhNmYtOWNjYi00Njc5LWE2YjEtMWMxZTVmODUwMmMxXkEyXkFqcGdeQXVyMTkxNjUyNQ@@._V1_UX182_CR0,0,182,268_AL_.jpg",['Robert Eggers'],"['Robert Eggers', 'Max Eggers']","[['Robert Pattinson', 'https://m.media-amazon.com/images/M/MV5BNzk0MDQ5OTUxMV5BMl5BanBnXkFtZTcwMDM5ODk5Mg@@._V1_UY317_CR12,0,214,317_AL_.jpg'], ['Willem Dafoe', 'https://m.media-amazon.com/images/M/MV5BMTcyNjU2MTYyM15BMl5BanBnXkFtZTgwMjY5MDY4NDE@._V1_UY317_CR19,0,214,317_AL_.jpg'], ['Valeriia Karaman', 'https://m.media-amazon.com/images/M/MV5BMzY5YTQxMGMtMjUwYy00OTZkLWEzM2YtMzdiYTE4MmE5YjU5XkEyXkFqcGdeQXVyMTk4MDgwNA@@._V1_UY317_CR130,0,214,317_AL_.jpg']]","['Drama', 'Fantasy', 'Horror']",1h 49min,Two lighthouse keepers try to maintain their sanity whilst living on a remote and mysterious New England island in the 1890s.
Girl on the Third Floor (2019) ,"https://m.media-amazon.com/images/M/MV5BNmM3ZTJmMmYtYjhlOS00MzkzLWJkYWQtN2E0NjZlZGM3NDc5XkEyXkFqcGdeQXVyMjM4NTM5NDY@._V1_UX182_CR0,0,182,268_AL_.jpg",['Travis Stevens'],"['Trent Haaga', 'Paul Johnstone']","[['C.M. Punk', 'https://m.media-amazon.com/images/M/MV5BMTYwODQxNjI1M15BMl5BanBnXkFtZTcwOTgwMjgxOA@@._V1_UX214_CR0,0,214,317_AL_.jpg'], ['Trieste Kelly Dunn', 'https://m.media-amazon.com/images/M/MV5BZTAwMjA1MzItYmFiOS00YTg1LTkwYjAtYjg5M2Y5NTUyZTI5XkEyXkFqcGdeQXVyMTg4Mzc5MDE@._V1_UY317_CR30,0,214,317_AL_.jpg'], ['Sarah Brooks', 'https://m.media-amazon.com/images/M/MV5BZDRmMTcxNmEtNjAxMC00ZWEwLTgwZWEtZjFlNzgzNWIyMWFiXkEyXkFqcGdeQXVyNjgwNjk5NTI@._V1_UY317_CR51,0,214,317_AL_.jpg']]","['Drama', 'Horror', 'Mystery']",1h 33min,"Don Koch tries to renovate a rundown mansion with a sordid history for his growing family, only to learn that the house has other plans."
Baaghi 3 (2020) ,"https://m.media-amazon.com/images/M/MV5BZTAxNWE2MDItZWFlNS00MWM1LWI1ZjQtN2I5NDBhNWYzZjNhXkEyXkFqcGdeQXVyODE5NzE3OTE@._V1_UY268_CR2,0,182,268_AL_.jpg",['Ahmed Khan'],"['Tasha Bhambra', 'Sparsh Khetarpal']","[['Tiger Shroff', 'https://m.media-amazon.com/images/M/MV5BNjUyMTQyNDA2M15BMl5BanBnXkFtZTgwNDI4ODEzOTE@._V1_UX214_CR0,0,214,317_AL_.jpg'], ['Riteish Deshmukh', 'https://m.media-amazon.com/images/M/MV5BMTU3NDM3NDM3Ml5BMl5BanBnXkFtZTgwMzk4ODEzOTE@._V1_UY317_CR12,0,214,317_AL_.jpg'], ['Shraddha Kapoor', 'https://m.media-amazon.com/images/M/MV5BMTU1NzU2Nzk0MV5BMl5BanBnXkFtZTgwMzIzMzg4MjE@._V1_UX214_CR0,0,214,317_AL_.jpg']]","['Action', 'Thriller']",2h 23min,A man embarks on a bloody rampage to save his kidnapped brother.
A Quiet Place (2018) ,"https://m.media-amazon.com/images/M/MV5BMjI0MDMzNTQ0M15BMl5BanBnXkFtZTgwMTM5NzM3NDM@._V1_UX182_CR0,0,182,268_AL_.jpg",['John Krasinski'],"['Bryan Woods', 'Scott Beck']","[['Emily Blunt', 'https://m.media-amazon.com/images/M/MV5BMTUxNDY4MTMzM15BMl5BanBnXkFtZTcwMjg5NzM2Ng@@._V1_UX214_CR0,0,214,317_AL_.jpg'], ['John Krasinski', 'https://m.media-amazon.com/images/M/MV5BMTc3MzY3MjQ3OV5BMl5BanBnXkFtZTcwODI3NjQxMw@@._V1_UY317_CR6,0,214,317_AL_.jpg'], ['Millicent Simmonds', 'https://m.media-amazon.com/images/M/MV5BZDY5OTJiMWQtYjgxYi00NmFmLTg5ODMtMTU1Yzc4YWQ4NDVkXkEyXkFqcGdeQXVyMTE0MTg2MTMw._V1_UY317_CR21,0,214,317_AL_.jpg']]","['Drama', 'Horror', 'Sci-Fi']",1h 30min,"In a post-apocalyptic world, a family is forced to live in silence while hiding from monsters with ultra-sensitive hearing."
The Irishman (2019) ,"https://m.media-amazon.com/images/M/MV5BMGUyM2ZiZmUtMWY0OC00NTQ4LThkOGUtNjY2NjkzMDJiMWMwXkEyXkFqcGdeQXVyMzY0MTE3NzU@._V1_UY268_CR0,0,182,268_AL_.jpg",['Martin Scorsese'],"['Steven Zaillian', 'Charles Brandt']","[['Robert De Niro', 'https://m.media-amazon.com/images/M/MV5BMjAwNDU3MzcyOV5BMl5BanBnXkFtZTcwMjc0MTIxMw@@._V1_UY317_CR13,0,214,317_AL_.jpg'], ['Al Pacino', 'https://m.media-amazon.com/images/M/MV5BMTQzMzg1ODAyNl5BMl5BanBnXkFtZTYwMjAxODQ1._V1_UX214_CR0,0,214,317_AL_.jpg'], ['Joe Pesci', 'https://m.media-amazon.com/images/M/MV5BMzc3MTcxNDYxNV5BMl5BanBnXkFtZTcwOTI3NjE1Mw@@._V1_UX214_CR0,0,214,317_AL_.jpg']]","['Biography', 'Crime', 'Drama']",3h 29min,"An aging hitman recalls his time with the mob and the intersecting events with his friend, Jimmy Hoffa, through the 1950-70s."
Terminator: Dark Fate (2019) ,"https://m.media-amazon.com/images/M/MV5BOWExYzVlZDgtY2E1ZS00NTFjLWFmZWItZjI2NWY5ZWJiNTE4XkEyXkFqcGdeQXVyMTA3MTA4Mzgw._V1_UX182_CR0,0,182,268_AL_.jpg",['Tim Miller'],"['James Cameron', 'Charles H. Eglee']","[['Linda Hamilton', 'https://m.media-amazon.com/images/M/MV5BYzNiODYyZTgtOGNjYS00YWRhLWI2YWUtMjg1ODc1MmRkMTg5XkEyXkFqcGdeQXVyMTEwMTQ3ODI0._V1_UX214_CR0,0,214,317_AL_.jpg'], ['Arnold Schwarzenegger', 'https://m.media-amazon.com/images/M/MV5BMTI3MDc4NzUyMV5BMl5BanBnXkFtZTcwMTQyMTc5MQ@@._V1_UY317_CR19,0,214,317_AL_.jpg'], ['Mackenzie Davis', 'https://m.media-amazon.com/images/M/MV5BYzRkYmE0YWYtY2I3OC00OTAyLWE5YmItYzIwMGYyMTk1NDk3XkEyXkFqcGdeQXVyMjQwMDg0Ng@@._V1_UY317_CR51,0,214,317_AL_.jpg']]","['Action', 'Adventure', 'Sci-Fi']",2h 8min,"An augmented human and Sarah Connor must stop an advanced liquid Terminator from hunting down a young girl, whose fate is critical to the human race."
Bad Boys for Life (2020) ,"https://m.media-amazon.com/images/M/MV5BMWU0MGYwZWQtMzcwYS00NWVhLTlkZTAtYWVjOTYwZTBhZTBiXkEyXkFqcGdeQXVyMTkxNjUyNQ@@._V1_UX182_CR0,0,182,268_AL_.jpg","['Adil El Arbi', 'Bilall Fallah']","['Chris Bremner', 'Peter Craig']","[['Will Smith', 'https://m.media-amazon.com/images/M/MV5BNTczMzk1MjU1MV5BMl5BanBnXkFtZTcwNDk2MzAyMg@@._V1_UY317_CR2,0,214,317_AL_.jpg'], ['Martin Lawrence', 'https://m.media-amazon.com/images/M/MV5BMTQ4NzIzMDAxMF5BMl5BanBnXkFtZTcwMDIyMTI2MQ@@._V1_UX214_CR0,0,214,317_AL_.jpg'], ['Vanessa Hudgens', 'https://m.media-amazon.com/images/M/MV5BMjA2NzA2NTMxNV5BMl5BanBnXkFtZTYwMjA1ODEy._V1_UY317_CR105,0,214,317_AL_.jpg']]","['Action', 'Comedy', 'Crime']",2h 4min,The Bad Boys Mike Lowrey and Marcus Burnett are back together for one last ride in the highly anticipated Bad Boys for Life.
Avengers: Endgame (2019) ,"https://m.media-amazon.com/images/M/MV5BMTc5MDE2ODcwNV5BMl5BanBnXkFtZTgwMzI2NzQ2NzM@._V1_UX182_CR0,0,182,268_AL_.jpg","['Anthony Russo', 'Joe Russo']","['Christopher Markus', 'Stephen McFeely']","[['Robert Downey Jr.', 'https://m.media-amazon.com/images/M/MV5BNzg1MTUyNDYxOF5BMl5BanBnXkFtZTgwNTQ4MTE2MjE@._V1_UX214_CR0,0,214,317_AL_.jpg'], ['Chris Evans', 'https://m.media-amazon.com/images/M/MV5BMTU2NTg1OTQzMF5BMl5BanBnXkFtZTcwNjIyMjkyMg@@._V1_UY317_CR6,0,214,317_AL_.jpg'], ['Mark Ruffalo', 'https://m.media-amazon.com/images/M/MV5BNDQyNzMzZTMtYjlkNS00YzFhLWFhMTctY2M4YmQ1NmRhODBkXkEyXkFqcGdeQXVyNjcyNzgyOTE@._V1_UY317_CR20,0,214,317_AL_.jpg']]","['Action', 'Adventure', 'Drama']",3h 1min,"After the devastating events of Avengers: Infinity War (2018), the universe is in ruins. With the help of remaining allies, the Avengers assemble once more in order to reverse Thanos' actions and restore balance to the universe."
Star Wars: Episode IX - The Rise of Skywalker (2019) ,"https://m.media-amazon.com/images/M/MV5BMDljNTQ5ODItZmQwMy00M2ExLTljOTQtZTVjNGE2NTg0NGIxXkEyXkFqcGdeQXVyODkzNTgxMDg@._V1_UX182_CR0,0,182,268_AL_.jpg",['J.J. Abrams'],"['Chris Terrio', 'J.J. Abrams']","[['Carrie Fisher', 'https://m.media-amazon.com/images/M/MV5BMjM4ODU5MDY4MV5BMl5BanBnXkFtZTgwODY1MjQ5MDI@._V1_UX214_CR0,0,214,317_AL_.jpg'], ['Mark Hamill', 'https://m.media-amazon.com/images/M/MV5BOGY2MjI5MDQtOThmMC00ZGIwLWFmYjgtYWU4MzcxOGEwMGVkXkEyXkFqcGdeQXVyMzM4MjM0Nzg@._V1_UY317_CR175,0,214,317_AL_.jpg'], ['Adam Driver', 'https://m.media-amazon.com/images/M/MV5BOWViYjUzOWMtMzRkZi00MjNkLTk4M2ItMTVkMDg5MzE2ZDYyXkEyXkFqcGdeQXVyODQwNjM3NDA@._V1_UY317_CR44,0,214,317_AL_.jpg']]","['Action', 'Adventure', 'Fantasy']",2h 22min,"The surviving members of the resistance face the First Order once again, and the legendary conflict between the Jedi and the Sith reaches its peak bringing the Skywalker saga to its end."
Scoob! (2020) ,"https://m.media-amazon.com/images/M/MV5BYWY0OGIzNzgtNTRmZS00OTc1LWFmOWItYzM0NDc4OWQ3MGI3XkEyXkFqcGdeQXVyODk4OTc3MTY@._V1_UX182_CR0,0,182,268_AL_.jpg",['Tony Cervone'],"['Adam Sztykiel', 'Kelly Fremon Craig']","[['Mark Wahlberg', 'https://m.media-amazon.com/images/M/MV5BMTU0MTQ4OTMyMV5BMl5BanBnXkFtZTcwMTQxOTY1NA@@._V1_UY317_CR14,0,214,317_AL_.jpg'], ['Mckenna Grace', 'https://m.media-amazon.com/images/M/MV5BNzE0NzE1MDcyM15BMl5BanBnXkFtZTgwNzQyOTgyNzM@._V1_UX214_CR0,0,214,317_AL_.jpg'], ['Amanda Seyfried', 'https://m.media-amazon.com/images/M/MV5BMjUyODkwODUyMF5BMl5BanBnXkFtZTcwMzU3MjYxMw@@._V1_UY317_CR33,0,214,317_AL_.jpg']]","['Animation', 'Adventure', 'Comedy']",---,"Scooby and the gang face their most challenging mystery ever: a plot to unleash the ghost dog Cerberus upon the world. As they race to stop this dogpocalypse, the gang discovers that Scooby has an epic destiny greater than anyone imagined."
A Hidden Life (2019) ,"https://m.media-amazon.com/images/M/MV5BMDk4OTU0ZjctMjhhYS00YmVlLThlMDAtMjU4YzhlN2IyYzI3XkEyXkFqcGdeQXVyMTkxNjUyNQ@@._V1_UX182_CR0,0,182,268_AL_.jpg",['Terrence Malick'],['Terrence Malick'],"[['August Diehl', 'https://m.media-amazon.com/images/M/MV5BMTcwMTY1MTMyN15BMl5BanBnXkFtZTYwMDM3NTEz._V1_UY317_CR3,0,214,317_AL_.jpg'], ['Valerie Pachner', 'https://m.media-amazon.com/images/M/MV5BMjMyODY3MDM5NF5BMl5BanBnXkFtZTgwMzk1MzA0NzM@._V1_UY317_CR5,0,214,317_AL_.jpg'], ['Maria Simon', 'https://m.media-amazon.com/images/M/MV5BYmZiYzMxNGEtYjAwZS00MGUyLThjZmYtOTExZGY5YWMxZDRmXkEyXkFqcGdeQXVyMTExMTc3NzU5._V1_UY317_CR7,0,214,317_AL_.jpg']]","['Biography', 'Drama', 'Romance']",2h 54min,"The Austrian Franz Jägerstätter, a conscientious objector, refuses to fight for the Nazis in World War II."
The Angry Birds Movie 2 (2019) ,"https://m.media-amazon.com/images/M/MV5BYzdkNGJhNzQtMjY1OC00MDI3LTk0ZDUtNzU0MGZiY2YwZGUxXkEyXkFqcGdeQXVyNzMxNjQxMTk@._V1_UX182_CR0,0,182,268_AL_.jpg","['Thurop Van Orman', 'John Rice']","['Peter Ackerman', 'Eyal Podell']","[['Jason Sudeikis', 'https://m.media-amazon.com/images/M/MV5BMjE3NTE4Nzg3Ml5BMl5BanBnXkFtZTgwODc5OTUxMTI@._V1_UX214_CR0,0,214,317_AL_.jpg'], ['Josh Gad', 'https://m.media-amazon.com/images/M/MV5BMzU0MDIxYzktNmZiZC00ODcwLWIyYWMtNzI3MjhlMTA2MzhiXkEyXkFqcGdeQXVyMjQwMDg0Ng@@._V1_UY317_CR29,0,214,317_AL_.jpg'], ['Leslie Jones', 'https://m.media-amazon.com/images/M/MV5BMTk4MTgyMDMzM15BMl5BanBnXkFtZTgwODE1NzczMzE@._V1_UY317_CR15,0,214,317_AL_.jpg']]","['Animation', 'Adventure', 'Comedy']",1h 37min,The flightless birds and scheming green pigs take their feud to the next level.
Color Out of Space (2019) ,"https://m.media-amazon.com/images/M/MV5BZjQ1YTM4M2UtMTQxNS00YjdjLTgwZGYtZTgzYmFiYjFkYzNlXkEyXkFqcGdeQXVyMTkxNjUyNQ@@._V1_UX182_CR0,0,182,268_AL_.jpg",['Richard Stanley'],"['Scarlett Amaris', 'H.P. Lovecraft']","[['Nicolas Cage', 'https://m.media-amazon.com/images/M/MV5BMjUxMjE4MTQxMF5BMl5BanBnXkFtZTcwNzc2MDM1NA@@._V1_UY317_CR9,0,214,317_AL_.jpg'], ['Joely Richardson', 'https://m.media-amazon.com/images/M/MV5BODgwMjMwMzE2OV5BMl5BanBnXkFtZTcwOTAzMTgxMw@@._V1_UY317_CR8,0,214,317_AL_.jpg'], ['Madeleine Arthur', 'https://m.media-amazon.com/images/M/MV5BYzY5ZTMzYWQtZThhMi00MGI0LTk0MjYtY2I0NWNhNTVmM2UxXkEyXkFqcGdeQXVyMjk4NDkyOTA@._V1_UY317_CR92,0,214,317_AL_.jpg']]","['Horror', 'Sci-Fi']",1h 51min,A secluded farm is struck by a strange meteorite which has apocalyptic consequences for the family living there and possibly the world.
A Beautiful Day in the Neighborhood (2019) ,"https://m.media-amazon.com/images/M/MV5BZWE3ZDYwNmItOWM5ZS00Y2Q4LTlhNmYtODlhY2QxYzA1MDlhXkEyXkFqcGdeQXVyNjA5MDIyMzU@._V1_UX182_CR0,0,182,268_AL_.jpg",['Marielle Heller'],"['Micah Fitzerman-Blue', 'Noah Harpster']","[['Tom Hanks', 'https://m.media-amazon.com/images/M/MV5BMTQ2MjMwNDA3Nl5BMl5BanBnXkFtZTcwMTA2NDY3NQ@@._V1_UY317_CR2,0,214,317_AL_.jpg'], ['Matthew Rhys', 'https://m.media-amazon.com/images/M/MV5BMTMwOTc5MTI2OV5BMl5BanBnXkFtZTcwMjU0MDk4NA@@._V1_UY317_CR15,0,214,317_AL_.jpg'], ['Chris Cooper', 'https://m.media-amazon.com/images/M/MV5BMTg5NTgxMzgxNl5BMl5BanBnXkFtZTcwMTAyMjcxNA@@._V1_UY317_CR10,0,214,317_AL_.jpg']]","['Biography', 'Drama']",1h 49min,Based on the true story of a real-life friendship between Fred Rogers and journalist Lloyd Vogel.
Freaks (2018) ,"https://m.media-amazon.com/images/M/MV5BZDIzNDk0YWYtZjQwZC00NTljLWFiNDktYzRkNDc0MWY5NWQ5XkEyXkFqcGdeQXVyMTkxNjUyNQ@@._V1_UX182_CR0,0,182,268_AL_.jpg","['Zach Lipovsky', 'Adam B. Stein']","['Zach Lipovsky', 'Adam B. Stein']","[['Emile Hirsch', 'https://m.media-amazon.com/images/M/MV5BZjM4OTg0NTMtN2NmNS00ZGVjLWFmNWEtZDZiY2Y1ZDFjYWYzXkEyXkFqcGdeQXVyNjk1MjYyNTA@._V1_UY317_CR16,0,214,317_AL_.jpg'], ['Bruce Dern', 'https://m.media-amazon.com/images/M/MV5BMTIzMDE0MzAzOV5BMl5BanBnXkFtZTYwODQxMDQ1._V1_UY317_CR3,0,214,317_AL_.jpg'], ['Grace Park', 'https://m.media-amazon.com/images/M/MV5BMTM1OTg1MjI0MF5BMl5BanBnXkFtZTcwODgyMjU5MQ@@._V1_UX214_CR0,0,214,317_AL_.jpg']]","['Drama', 'Mystery', 'Sci-Fi']",1h 45min,"A bold girl discovers a bizarre, threatening, and mysterious new world beyond her front door after she escapes her father's protective and paranoid control."
Thappad (2020) ,"https://m.media-amazon.com/images/M/MV5BNWQ1Yzc2NDYtN2RjNC00ZGIyLWJkMjItMDlkODVhNjg0OTczXkEyXkFqcGdeQXVyODE5NzE3OTE@._V1_UX182_CR0,0,182,268_AL_.jpg",['Anubhav Sinha'],['Mrunmayee Lagoo'],"[['Taapsee Pannu', 'https://m.media-amazon.com/images/M/MV5BOTIwYTM2ODItMWRjMC00OGY3LWI2ZDAtMjE4N2I3ZjU3NDUyXkEyXkFqcGdeQXVyNjgyOTU0ODU@._V1_UX214_CR0,0,214,317_AL_.jpg'], ['Pavail Gulati', 'https://m.media-amazon.com/images/M/MV5BMmMxOWFjNTMtMDU3Ni00MDVkLWJkOGMtNzU3Yzk4MTFkNGUwXkEyXkFqcGdeQXVyODE5OTA4MDI@._V1_UX214_CR0,0,214,317_AL_.jpg'], ['Ratna Pathak Shah', 'https://m.media-amazon.com/images/M/MV5BMjQwMzc5NDQ0NF5BMl5BanBnXkFtZTgwNDg1ODA0OTE@._V1_UX214_CR0,0,214,317_AL_.jpg']]",['Drama'],2h 22min,Thappad is a story of Amrita whose seemingly perfect life is shattered when her husband slaps her once in a party. But is one slap enough to question what a relationship stands for?
The Shawshank Redemption (1994) ,"https://m.media-amazon.com/images/M/MV5BMDFkYTc0MGEtZmNhMC00ZDIzLWFmNTEtODM1ZmRlYWMwMWFmXkEyXkFqcGdeQXVyMTMxODk2OTU@._V1_UX182_CR0,0,182,268_AL_.jpg",['Frank Darabont'],"['Stephen King', 'Frank Darabont']","[['Tim Robbins', 'https://m.media-amazon.com/images/M/MV5BMTI1OTYxNzAxOF5BMl5BanBnXkFtZTYwNTE5ODI4._V1_UY317_CR16,0,214,317_AL_.jpg'], ['Morgan Freeman', 'https://m.media-amazon.com/images/M/MV5BMTc0MDMyMzI2OF5BMl5BanBnXkFtZTcwMzM2OTk1MQ@@._V1_UX214_CR0,0,214,317_AL_.jpg'], ['Bob Gunton', 'https://m.media-amazon.com/images/M/MV5BMTc3MzY0MTQzM15BMl5BanBnXkFtZTcwMTM0ODYxNw@@._V1_UY317_CR91,0,214,317_AL_.jpg']]",['Drama'],2h 22min,"Two imprisoned men bond over a number of years, finding solace and eventual redemption through acts of common decency."
Hustlers (2019) ,"https://m.media-amazon.com/images/M/MV5BNjM5ZTNiNGMtMDA2OC00MDYyLWEyNzAtOWZmMzFlY2VmOWM4XkEyXkFqcGdeQXVyMTkxNjUyNQ@@._V1_UX182_CR0,0,182,268_AL_.jpg",['Lorene Scafaria'],"['Lorene Scafaria', 'Jessica Pressler']","[['Constance Wu', 'https://m.media-amazon.com/images/M/MV5BMjRhYTBlNmYtYTMzMi00YjIyLTllMWYtMDJkNGJjYmMzN2Q4XkEyXkFqcGdeQXVyNzU5OTk3OQ@@._V1_UX214_CR0,0,214,317_AL_.jpg'], ['Jennifer Lopez', 'https://m.media-amazon.com/images/M/MV5BMTY0OTY3ODA3OV5BMl5BanBnXkFtZTcwMzMyMzQ1NQ@@._V1_UY317_CR32,0,214,317_AL_.jpg'], ['Julia Stiles', 'https://m.media-amazon.com/images/M/MV5BMTgxNjUxNDk3MF5BMl5BanBnXkFtZTcwMzM0NjA0NA@@._V1_UX214_CR0,0,214,317_AL_.jpg']]","['Comedy', 'Crime', 'Drama']",1h 50min,"Inspired by the viral New York Magazine article, Hustlers follows a crew of savvy former strip club employees who band together to turn the tables on their Wall Street clients."
Blade Runner 2049 (2017) ,"https://m.media-amazon.com/images/M/MV5BNzA1Njg4NzYxOV5BMl5BanBnXkFtZTgwODk5NjU3MzI@._V1_UX182_CR0,0,182,268_AL_.jpg",['Denis Villeneuve'],"['Hampton Fancher', 'Michael Green']","[['Harrison Ford', 'https://m.media-amazon.com/images/M/MV5BMTY4Mjg0NjIxOV5BMl5BanBnXkFtZTcwMTM2NTI3MQ@@._V1_UX214_CR0,0,214,317_AL_.jpg'], ['Ryan Gosling', 'https://m.media-amazon.com/images/M/MV5BMTQzMjkwNTQ2OF5BMl5BanBnXkFtZTgwNTQ4MTQ4MTE@._V1_UY317_CR18,0,214,317_AL_.jpg'], ['Ana de Armas', 'https://m.media-amazon.com/images/M/MV5BMjA3NjYzMzE1MV5BMl5BanBnXkFtZTgwNTA4NDY4OTE@._V1_UX214_CR0,0,214,317_AL_.jpg']]","['Action', 'Drama', 'Mystery']",2h 44min,"Young Blade Runner ""K""'s (Ryan Gosling's) discovery of a long-buried secret leads him to track down former Blade Runner Rick Deckard (Harrison Ford), who's been missing for thirty years."
Marriage Story (2019) ,"https://m.media-amazon.com/images/M/MV5BZGVmY2RjNDgtMTc3Yy00YmY0LTgwODItYzBjNWJhNTRlYjdkXkEyXkFqcGdeQXVyMjM4NTM5NDY@._V1_UX182_CR0,0,182,268_AL_.jpg",['Noah Baumbach'],['Noah Baumbach'],"[['Adam Driver', 'https://m.media-amazon.com/images/M/MV5BOWViYjUzOWMtMzRkZi00MjNkLTk4M2ItMTVkMDg5MzE2ZDYyXkEyXkFqcGdeQXVyODQwNjM3NDA@._V1_UY317_CR44,0,214,317_AL_.jpg'], ['Scarlett Johansson', 'https://m.media-amazon.com/images/M/MV5BMTM3OTUwMDYwNl5BMl5BanBnXkFtZTcwNTUyNzc3Nw@@._V1_UY317_CR23,0,214,317_AL_.jpg'], ['Alan Alda', 'https://m.media-amazon.com/images/M/MV5BMTE5NDM1NjkyMV5BMl5BanBnXkFtZTYwNDA3NjQz._V1_UY317_CR8,0,214,317_AL_.jpg']]","['Comedy', 'Drama', 'Romance']",2h 17min,Noah Baumbach's incisive and compassionate look at a marriage breaking up and a family staying together.
Dolittle (2020) ,"https://m.media-amazon.com/images/M/MV5BMDNkODA5ZGQtODczOS00OTQxLThhMTItMjk0ZmNhMDM0YjNmXkEyXkFqcGdeQXVyMDM2NDM2MQ@@._V1_UX182_CR0,0,182,268_AL_.jpg",['Stephen Gaghan'],"['Stephen Gaghan', 'Dan Gregor']","[['Robert Downey Jr.', 'https://m.media-amazon.com/images/M/MV5BNzg1MTUyNDYxOF5BMl5BanBnXkFtZTgwNTQ4MTE2MjE@._V1_UX214_CR0,0,214,317_AL_.jpg'], ['Antonio Banderas', 'https://m.media-amazon.com/images/M/MV5BMTUyOTQ3NTYyNF5BMl5BanBnXkFtZTcwMTY2NjIzNQ@@._V1_UX214_CR0,0,214,317_AL_.jpg'], ['Michael Sheen', 'https://m.media-amazon.com/images/M/MV5BMTg0MjI4NjY2M15BMl5BanBnXkFtZTcwOTgwNjQzMg@@._V1_UX214_CR0,0,214,317_AL_.jpg']]","['Adventure', 'Comedy', 'Family']",1h 41min,A physician who can talk to animals embarks on an adventure to find a legendary island with a young apprentice and a crew of strange pets.
Black Widow (2020) ,"https://m.media-amazon.com/images/M/MV5BZGRlNTY3NGYtM2YzZS00N2YyLTg0ZDYtNmY2ZDg2NDM3N2JlXkEyXkFqcGdeQXVyNTI4MzE4MDU@._V1_UX182_CR0,0,182,268_AL_.jpg",['Cate Shortland'],"['Jac Schaeffer', 'Ned Benson']","[['Florence Pugh', 'https://m.media-amazon.com/images/M/MV5BNTk4YWEwOGEtMDBhZS00OTc0LThjZGQtMjU4YjZhM2Q1YjdlXkEyXkFqcGdeQXVyNTQ1OTQ0OTA@._V1_UY317_CR3,0,214,317_AL_.jpg'], ['Scarlett Johansson', 'https://m.media-amazon.com/images/M/MV5BMTM3OTUwMDYwNl5BMl5BanBnXkFtZTcwNTUyNzc3Nw@@._V1_UY317_CR23,0,214,317_AL_.jpg'], ['Rachel Weisz', 'https://m.media-amazon.com/images/M/MV5BMTQ4MzM1MDAwMV5BMl5BanBnXkFtZTcwNTU4NzQwMw@@._V1_UY317_CR4,0,214,317_AL_.jpg']]","['Action', 'Adventure', 'Sci-Fi']",---,A film about Natasha Romanoff in her quests between the films Civil War and Infinity War.
Brahms: The Boy II (2020) ,"https://m.media-amazon.com/images/M/MV5BY2JjZDAxNjEtNjBhNS00YWZjLTg5ZTctZjFiZTM4NjMwZmM0XkEyXkFqcGdeQXVyNjU1NzU3MzE@._V1_UX182_CR0,0,182,268_AL_.jpg",['William Brent Bell'],['Stacey Menear'],"[['Katie Holmes', 'https://m.media-amazon.com/images/M/MV5BNTA2NjY5OTkzNl5BMl5BanBnXkFtZTcwMDE2NTkxNA@@._V1_UX214_CR0,0,214,317_AL_.jpg'], ['Owain Yeoman', 'https://m.media-amazon.com/images/M/MV5BM2UxZDEzZTctZTA1NC00YjBmLWExZmQtZTMxNmIzOTNlOGRlXkEyXkFqcGdeQXVyMjQ1MzU2NzI@._V1_UX214_CR0,0,214,317_AL_.jpg'], ['Christopher Convery', 'https://m.media-amazon.com/images/M/MV5BNzY4ZjA5YjUtMDYyOC00YjA5LThhZTEtZDNjYWQ3Nzg5NTkzXkEyXkFqcGdeQXVyNjE3NTgwNDc@._V1_UY317_CR2,0,214,317_AL_.jpg']]","['Drama', 'Horror', 'Mystery']",1h 26min,"After a family moves into the Heelshire Mansion, their young son soon makes friends with a life-like doll called Brahms."
The Lion King (2019) ,"https://m.media-amazon.com/images/M/MV5BMjIwMjE1Nzc4NV5BMl5BanBnXkFtZTgwNDg4OTA1NzM@._V1_UX182_CR0,0,182,268_AL_.jpg",['Jon Favreau'],"['Jeff Nathanson', 'Irene Mecchi']","[['Donald Glover', 'https://m.media-amazon.com/images/M/MV5BNzUxNTU5ODkxNl5BMl5BanBnXkFtZTgwOTIyNjc5MDI@._V1_UX214_CR0,0,214,317_AL_.jpg'], ['Beyoncé', 'https://m.media-amazon.com/images/M/MV5BMjMxMzg3MDI5NV5BMl5BanBnXkFtZTcwOTAxODc0Ng@@._V1_UY317_CR31,0,214,317_AL_.jpg'], ['Seth Rogen', 'https://m.media-amazon.com/images/M/MV5BMTQ0NjgzNzcwNV5BMl5BanBnXkFtZTcwODExMDYxOQ@@._V1_UX214_CR0,0,214,317_AL_.jpg']]","['Animation', 'Adventure', 'Drama']",1h 58min,"After the murder of his father, a young lion prince flees his kingdom only to learn the true meaning of responsibility and bravery."
Rocketman (2019) ,"https://m.media-amazon.com/images/M/MV5BYmIzNjUxZGQtYjg0OS00MmE0LTgwZDAtMzVmODQ2MGI5MTQ5XkEyXkFqcGdeQXVyMTA3MTA4Mzgw._V1_UX182_CR0,0,182,268_AL_.jpg",['Dexter Fletcher'],['Lee Hall'],"[['Taron Egerton', 'https://m.media-amazon.com/images/M/MV5BMTYzODU2OTI2Nl5BMl5BanBnXkFtZTgwMTUyMTAwMzE@._V1_UY317_CR7,0,214,317_AL_.jpg'], ['Jamie Bell', 'https://m.media-amazon.com/images/M/MV5BZjgzMzc5MzMtNzQ4My00M2FlLTk4ZGUtNzM0ZTU2Yjc0ZGNlXkEyXkFqcGdeQXVyNjkwNzEwMzY@._V1_UX214_CR0,0,214,317_AL_.jpg'], ['Richard Madden', 'https://m.media-amazon.com/images/M/MV5BMTUyMDgxNDYxOV5BMl5BanBnXkFtZTgwMTExMDEwMDI@._V1_UY317_CR10,0,214,317_AL_.jpg']]","['Biography', 'Drama', 'Music']",2h 1min,A musical fantasy about the fantastical human story of Elton John's breakthrough years.
The Suicide Squad (2021) ,"https://m.media-amazon.com/images/M/MV5BOTM5N2U1NDMtMDgzYS00NThiLTgzMjktNzNhODYzYWJiYTdhXkEyXkFqcGdeQXVyNDYwMTkwNTI@._V1_UY268_CR16,0,182,268_AL_.jpg",['James Gunn'],"['James Gunn', 'John Ostrander']","[['Joel Kinnaman', 'https://m.media-amazon.com/images/M/MV5BNGIwMDVkNjktMzM3MC00ZmZmLTg3ZDYtZGEzZjU5NDI3ZTkyXkEyXkFqcGdeQXVyNTcxNDk1MA@@._V1_UX214_CR0,0,214,317_AL_.jpg'], ['Margot Robbie', 'https://m.media-amazon.com/images/M/MV5BMTgxNDcwMzU2Nl5BMl5BanBnXkFtZTcwNDc4NzkzOQ@@._V1_UY317_CR12,0,214,317_AL_.jpg'], ['Taika Waititi', 'https://m.media-amazon.com/images/M/MV5BMzk4MDIzNjcwNV5BMl5BanBnXkFtZTgwMTIyMjgwNDI@._V1_UY317_CR20,0,214,317_AL_.jpg']]","['Action', 'Adventure', 'Fantasy']",---,Plot is unknown.
Antebellum (2020) ,"https://m.media-amazon.com/images/M/MV5BYzlhZmRlM2MtOTM2Mi00NWU2LTg0NjgtNDBiNDRmM2YxMjliXkEyXkFqcGdeQXVyMTkxNjUyNQ@@._V1_UX182_CR0,0,182,268_AL_.jpg","['Gerard Bush', 'Christopher Renz']","['Gerard Bush', 'Christopher Renz']","[['Janelle Monáe', 'https://m.media-amazon.com/images/M/MV5BMTEyMDA1MzE0NjdeQTJeQWpwZ15BbWU3MDM0NzA4MDQ@._V1_UY317_CR16,0,214,317_AL_.jpg'], ['Eric Lange', 'https://m.media-amazon.com/images/M/MV5BMTM5MTJjYjktMDI1My00MTk1LThiMzgtNTEyMTE1ZjU0ZmU3XkEyXkFqcGdeQXVyMjA3NDMwNjQ@._V1_UY317_CR8,0,214,317_AL_.jpg'], ['Jena Malone', 'https://m.media-amazon.com/images/M/MV5BMTU0NDM5OTE0N15BMl5BanBnXkFtZTcwMzMzNjM0Nw@@._V1_UY317_CR21,0,214,317_AL_.jpg']]","['Horror', 'Thriller']",---,Successful author Veronica finds herself trapped in a horrifying reality and must uncover the mind-bending mystery before it's too late.
Godzilla vs. Kong (2020) ,"https://m.media-amazon.com/images/M/MV5BNjM5OWFmNjMtYzBlZi00MGZiLWFkMmUtNGFmMjUzMzhhYTYxXkEyXkFqcGdeQXVyMTM1NjgyNDI@._V1_UX182_CR0,0,182,268_AL_.jpg",['Adam Wingard'],"['Eric Pearson', 'Max Borenstein']","[['Eiza González', 'https://m.media-amazon.com/images/M/MV5BYjI0MjU0YjgtNzRkZC00ZGNlLWEyMzMtOGM2MDEzZDFlYmRjXkEyXkFqcGdeQXVyNjA1OTA1Njk@._V1_UY317_CR20,0,214,317_AL_.jpg'], ['Millie Bobby Brown', 'https://m.media-amazon.com/images/M/MV5BMjA5NzA0NzQzMF5BMl5BanBnXkFtZTgwMTQxNjUzNjM@._V1_UX214_CR0,0,214,317_AL_.jpg'], ['Alexander Skarsgård', 'https://m.media-amazon.com/images/M/MV5BMjEyNTgxNTk0M15BMl5BanBnXkFtZTcwNzM5Mjc1OA@@._V1_UY317_CR4,0,214,317_AL_.jpg']]","['Action', 'Sci-Fi', 'Thriller']",---,"As the gigantic Kong meets the unstoppable Godzilla, the world watches to see which one of them will become King of the Monsters."
6 Underground (2019) ,"https://m.media-amazon.com/images/M/MV5BNzE2ZjQxNjEtNmI2ZS00ZmU0LTg4M2YtYzVhYmRiYWU0YzI1XkEyXkFqcGdeQXVyMTkxNjUyNQ@@._V1_UX182_CR0,0,182,268_AL_.jpg",['Michael Bay'],"['Paul Wernick', 'Rhett Reese']","[['Ryan Reynolds', 'https://m.media-amazon.com/images/M/MV5BOTI3ODk1MTMyNV5BMl5BanBnXkFtZTcwNDEyNTE2Mg@@._V1_UY317_CR6,0,214,317_AL_.jpg'], ['Mélanie Laurent', 'https://m.media-amazon.com/images/M/MV5BMTU0NzQzNDc5M15BMl5BanBnXkFtZTcwNzMyOTYzNQ@@._V1_UX214_CR0,0,214,317_AL_.jpg'], ['Manuel Garcia-Rulfo', 'https://m.media-amazon.com/images/M/MV5BMTU3MjU1ODY4MV5BMl5BanBnXkFtZTgwMDc4MTM1MDI@._V1_UX214_CR0,0,214,317_AL_.jpg']]","['Action', 'Comedy', 'Thriller']",2h 8min,"Meet a new kind of action hero. Six untraceable agents, totally off the grid. They've buried their pasts so they can change the future."
Impractical Jokers: The Movie (2020) ,"https://m.media-amazon.com/images/M/MV5BNWYwNjVhZDUtZjk2Yi00Mjc5LTkwYWMtMzU2ZDY1N2VjZGU1XkEyXkFqcGdeQXVyODE5NzE3OTE@._V1_UX182_CR0,0,182,268_AL_.jpg",['Chris Henchy'],"['Brian Quinn', 'Sal Vulcano']","[['Brian Quinn', 'https://m.media-amazon.com/images/M/MV5BMjA0Nzk3MjMyMF5BMl5BanBnXkFtZTcwOTkxNjA2Nw@@._V1_UY317_CR12,0,214,317_AL_.jpg'], ['Joe Gatto', 'https://m.media-amazon.com/images/M/MV5BZjU3ODU0OGYtZTU0Yi00NzRiLTlmYzMtOGYwZGUyOTRhOWU3XkEyXkFqcGdeQXVyODQ4MjkxNjQ@._V1_UY317_CR12,0,214,317_AL_.jpg'], ['James Murray', 'https://m.media-amazon.com/images/M/MV5BZTBhMjE2YTgtZjE5Yy00OWFlLWFlNTUtMjk3YTBjNTA0MzA0XkEyXkFqcGdeQXVyODQ4MjkxNjQ@._V1_UY317_CR12,0,214,317_AL_.jpg']]",['Comedy'],1h 32min,The story of a humiliating high school mishap from 1992 that sends the Impractical Jokers on the road competing in hidden-camera challenges for the chance to turn back the clock and redeem three of the four Jokers.
Alita: Battle Angel (2019) ,"https://m.media-amazon.com/images/M/MV5BNzVhMjcxYjYtOTVhOS00MzQ1LWFiNTAtZmY2ZmJjNjIxMjllXkEyXkFqcGdeQXVyNTc5OTMwOTQ@._V1_UX182_CR0,0,182,268_AL_.jpg",['Robert Rodriguez'],"['James Cameron', 'Laeta Kalogridis']","[['Rosa Salazar', 'https://m.media-amazon.com/images/M/MV5BM2FkNDAwMDItMWQwNy00YzE5LWJiM2EtZmNhZTZjZDk1YmJlXkEyXkFqcGdeQXVyMjQwMTcxMzA@._V1_UY317_CR12,0,214,317_AL_.jpg'], ['Christoph Waltz', 'https://m.media-amazon.com/images/M/MV5BMTM4MDk3OTYxOF5BMl5BanBnXkFtZTcwMDk5OTUwOQ@@._V1_UY317_CR9,0,214,317_AL_.jpg'], ['Jennifer Connelly', 'https://m.media-amazon.com/images/M/MV5BOTczNTgzODYyMF5BMl5BanBnXkFtZTcwNjk4ODk4Mw@@._V1_UY317_CR12,0,214,317_AL_.jpg']]","['Action', 'Adventure', 'Sci-Fi']",2h 2min,"A deactivated cyborg is revived, but cannot remember anything of her past life and goes on a quest to find out who she is."
Toy Story 4 (2019) ,"https://m.media-amazon.com/images/M/MV5BMTYzMDM4NzkxOV5BMl5BanBnXkFtZTgwNzM1Mzg2NzM@._V1_UX182_CR0,0,182,268_AL_.jpg",['Josh Cooley'],"['John Lasseter', 'Andrew Stanton']","[['Tom Hanks', 'https://m.media-amazon.com/images/M/MV5BMTQ2MjMwNDA3Nl5BMl5BanBnXkFtZTcwMTA2NDY3NQ@@._V1_UY317_CR2,0,214,317_AL_.jpg'], ['Tim Allen', 'https://m.media-amazon.com/images/M/MV5BMTI5ODY0NTAwOF5BMl5BanBnXkFtZTcwOTI3NjQxMw@@._V1_UX214_CR0,0,214,317_AL_.jpg'], ['Annie Potts', 'https://m.media-amazon.com/images/M/MV5BMjA0NjkyMDIzMF5BMl5BanBnXkFtZTcwNjc2NTUyMQ@@._V1_UY317_CR11,0,214,317_AL_.jpg']]","['Animation', 'Adventure', 'Comedy']",1h 40min,"When a new toy called ""Forky"" joins Woody and the gang, a road trip alongside old and new friends reveals how big the world can be for a toy."
Jumanji: Welcome to the Jungle (2017) ,"https://m.media-amazon.com/images/M/MV5BODQ0NDhjYWItYTMxZi00NTk2LWIzNDEtOWZiYWYxZjc2MTgxXkEyXkFqcGdeQXVyMTQxNzMzNDI@._V1_UX182_CR0,0,182,268_AL_.jpg",['Jake Kasdan'],"['Chris McKenna', 'Erik Sommers']","[['Dwayne Johnson', 'https://m.media-amazon.com/images/M/MV5BMTkyNDQ3NzAxM15BMl5BanBnXkFtZTgwODIwMTQ0NTE@._V1_UX214_CR0,0,214,317_AL_.jpg'], ['Karen Gillan', 'https://m.media-amazon.com/images/M/MV5BMTQwMDQ0NDk1OV5BMl5BanBnXkFtZTcwNDcxOTExNg@@._V1_UY317_CR2,0,214,317_AL_.jpg'], ['Kevin Hart', 'https://m.media-amazon.com/images/M/MV5BMTY4OTAxMjkxN15BMl5BanBnXkFtZTgwODg5MzYyMTE@._V1_UX214_CR0,0,214,317_AL_.jpg']]","['Action', 'Adventure', 'Comedy']",1h 59min,"Four teenagers are sucked into a magical video game, and the only way they can escape is to work together to finish the game."
Godzilla: King of the Monsters (2019) ,"https://m.media-amazon.com/images/M/MV5BOGFjYWNkMTMtMTg1ZC00Y2I4LTg0ZTYtN2ZlMzI4MGQwNzg4XkEyXkFqcGdeQXVyMTkxNjUyNQ@@._V1_UX182_CR0,0,182,268_AL_.jpg",['Michael Dougherty'],"['Michael Dougherty', 'Zach Shields']","[['Kyle Chandler', 'https://m.media-amazon.com/images/M/MV5BNTM5NDM4ODg3MV5BMl5BanBnXkFtZTcwNTA3MTk3Mw@@._V1_UY317_CR0,0,214,317_AL_.jpg'], ['Vera Farmiga', 'https://m.media-amazon.com/images/M/MV5BMTM3NzMwNTc1MV5BMl5BanBnXkFtZTcwNDE2ODU2OA@@._V1_UX214_CR0,0,214,317_AL_.jpg'], ['Millie Bobby Brown', 'https://m.media-amazon.com/images/M/MV5BMjA5NzA0NzQzMF5BMl5BanBnXkFtZTgwMTQxNjUzNjM@._V1_UX214_CR0,0,214,317_AL_.jpg']]","['Action', 'Adventure', 'Fantasy']",2h 12min,"The crypto-zoological agency Monarch faces off against a battery of god-sized monsters, including the mighty Godzilla, who collides with Mothra, Rodan, and his ultimate nemesis, the three-headed King Ghidorah."
21 Bridges (2019) ,"https://m.media-amazon.com/images/M/MV5BYTg4YzEzNDQtZDAxOS00M2YyLTljZWEtNjk4YTc4NDM2NTBhXkEyXkFqcGdeQXVyMTkxNjUyNQ@@._V1_UX182_CR0,0,182,268_AL_.jpg",['Brian Kirk'],"['Adam Mervis', 'Matthew Michael Carnahan']","[['Chadwick Boseman', 'https://m.media-amazon.com/images/M/MV5BMTk2OTY5MzcwMV5BMl5BanBnXkFtZTgwODM4MDI5MjI@._V1_UX214_CR0,0,214,317_AL_.jpg'], ['Sienna Miller', 'https://m.media-amazon.com/images/M/MV5BMmEyYmNjZGMtNzZlYy00NzVlLWI3ZWMtNjM4NmU3OTc4MzQ5XkEyXkFqcGdeQXVyOTE0NjgwMjY@._V1_UX214_CR0,0,214,317_AL_.jpg'], ['J.K. Simmons', 'https://m.media-amazon.com/images/M/MV5BMzg2NTI5NzQ1MV5BMl5BanBnXkFtZTgwNjI1NDEwMDI@._V1_UY317_CR23,0,214,317_AL_.jpg']]","['Action', 'Crime', 'Drama']",1h 39min,An embattled NYPD detective is thrust into a citywide manhunt for a pair of cop killers after uncovering a massive and unexpected conspiracy.
Tenet (2020) ,"https://m.media-amazon.com/images/M/MV5BNmMwYzFlNTEtYTc0NC00NGY4LTgzNzItZGFiYTViY2QzNzU1XkEyXkFqcGdeQXVyMTkxNjUyNQ@@._V1_UX182_CR0,0,182,268_AL_.jpg",['Christopher Nolan'],['Christopher Nolan'],"[['Robert Pattinson', 'https://m.media-amazon.com/images/M/MV5BNzk0MDQ5OTUxMV5BMl5BanBnXkFtZTcwMDM5ODk5Mg@@._V1_UY317_CR12,0,214,317_AL_.jpg'], ['Elizabeth Debicki', 'https://m.media-amazon.com/images/M/MV5BMWRiNzczYzMtOGE1Yi00Njg0LWFkNTUtYzE3NmVkZDZkMjg5XkEyXkFqcGdeQXVyMjQwMDg0Ng@@._V1_UY317_CR21,0,214,317_AL_.jpg'], ['Kenneth Branagh', 'https://m.media-amazon.com/images/M/MV5BMjI0NTQ4Mjk5Ml5BMl5BanBnXkFtZTcwMDc1NjkzNw@@._V1_UY317_CR3,0,214,317_AL_.jpg']]","['Action', 'Drama', 'Thriller']",---,"An action epic revolving around international espionage, time travel, and evolution. Possibly about a man trying to prevent World War 3 through time travel and rebirth."
It (2017) ,"https://m.media-amazon.com/images/M/MV5BZDVkZmI0YzAtNzdjYi00ZjhhLWE1ODEtMWMzMWMzNDA0NmQ4XkEyXkFqcGdeQXVyNzYzODM3Mzg@._V1_UX182_CR0,0,182,268_AL_.jpg",['Andy Muschietti'],"['Chase Palmer', 'Cary Joji Fukunaga']","[['Bill Skarsgård', 'https://m.media-amazon.com/images/M/MV5BMTg3MzMwODMwN15BMl5BanBnXkFtZTgwNDkxODU5NTM@._V1_UX214_CR0,0,214,317_AL_.jpg'], ['Jaeden Martell', 'https://m.media-amazon.com/images/M/MV5BMDNlZThlYzAtMWVlYS00OTYxLWIzZTUtODFmYmJiNzJjYjgwXkEyXkFqcGdeQXVyNDYzNzE5NjU@._V1_UX214_CR0,0,214,317_AL_.jpg'], ['Finn Wolfhard', 'https://m.media-amazon.com/images/M/MV5BYjM2NmFiNGYtODQ1OC00ZTE5LTg4ZWYtYjFmODk4YmUyZDMzXkEyXkFqcGdeQXVyNjQ3NDAwOTA@._V1_UY317_CR20,0,214,317_AL_.jpg']]",['Horror'],2h 15min,"In the summer of 1989, a group of bullied kids band together to destroy a shape-shifting monster, which disguises itself as a clown and preys on the children of Derry, their small Maine town."
The Wolf of Wall Street (2013) ,"https://m.media-amazon.com/images/M/MV5BMjIxMjgxNTk0MF5BMl5BanBnXkFtZTgwNjIyOTg2MDE@._V1_UX182_CR0,0,182,268_AL_.jpg",['Martin Scorsese'],"['Terence Winter', 'Jordan Belfort']","[['Leonardo DiCaprio', 'https://m.media-amazon.com/images/M/MV5BMjI0MTg3MzI0M15BMl5BanBnXkFtZTcwMzQyODU2Mw@@._V1_UY317_CR10,0,214,317_AL_.jpg'], ['Jonah Hill', 'https://m.media-amazon.com/images/M/MV5BMTUyNDU0NzAwNl5BMl5BanBnXkFtZTcwMzQxMzIzNw@@._V1_UY317_CR28,0,214,317_AL_.jpg'], ['Margot Robbie', 'https://m.media-amazon.com/images/M/MV5BMTgxNDcwMzU2Nl5BMl5BanBnXkFtZTcwNDc4NzkzOQ@@._V1_UY317_CR12,0,214,317_AL_.jpg']]","['Biography', 'Crime', 'Drama']",3h,"Based on the true story of Jordan Belfort, from his rise to a wealthy stock-broker living the high life to his fall involving crime, corruption and the federal government."
I Still Believe (2020) ,"https://m.media-amazon.com/images/M/MV5BZTczOTM1ZGEtNzkyNS00NGRmLWI3YjEtZmRlOGZmMzgzNzU2XkEyXkFqcGdeQXVyMjMxOTE0ODA@._V1_UX182_CR0,0,182,268_AL_.jpg","['Andrew Erwin', 'Jon Erwin']","['Jon Erwin', 'Jon Gunn']","[['Britt Robertson', 'https://m.media-amazon.com/images/M/MV5BMzM3NjAyNTQxOF5BMl5BanBnXkFtZTgwMDU2NDQ1ODE@._V1_UX214_CR0,0,214,317_AL_.jpg'], ['K.J. Apa', 'https://m.media-amazon.com/images/M/MV5BMTU1ODgzMzI4OF5BMl5BanBnXkFtZTgwMTY3ODg4NjM@._V1_UY317_CR16,0,214,317_AL_.jpg'], ['Melissa Roxburgh', 'https://m.media-amazon.com/images/M/MV5BNWJlZDk2YWMtNjQwZi00MTQwLWFjYjMtMWZjNzI0MDUzY2E3XkEyXkFqcGdeQXVyMjU0NjE0NDI@._V1_UX214_CR0,0,214,317_AL_.jpg']]","['Drama', 'Music', 'Romance']",1h 55min,The true-life story of Christian music star Jeremy Camp and his journey of love and loss that looks to prove there is always hope.
F9 (2021) ,"https://m.media-amazon.com/images/M/MV5BZDZlMjc0MTItZWY2YS00ZDJhLWI2M2MtODVjNWFmYTQxYmJjXkEyXkFqcGdeQXVyMjMxOTE0ODA@._V1_UX182_CR0,0,182,268_AL_.jpg",['Justin Lin'],"['Daniel Casey', 'Gary Scott Thompson']","[['Nathalie Emmanuel', 'https://m.media-amazon.com/images/M/MV5BMTM3NzQ4ODU0M15BMl5BanBnXkFtZTcwMDM4Njg3OA@@._V1_UY317_CR12,0,214,317_AL_.jpg'], ['Charlize Theron', 'https://m.media-amazon.com/images/M/MV5BMTk5Mzc4ODU0Ml5BMl5BanBnXkFtZTcwNjU1NTI0Mw@@._V1_UY317_CR12,0,214,317_AL_.jpg'], ['Vin Diesel', 'https://m.media-amazon.com/images/M/MV5BMjExNzA4MDYxN15BMl5BanBnXkFtZTcwOTI1MDAxOQ@@._V1_UY317_CR7,0,214,317_AL_.jpg']]","['Action', 'Adventure', 'Crime']",2h 25min,"Cypher enlists the help of Jakob, Dom's younger brother to take revenge on Dom and his team."
The Magnificent Seven (2016) ,"https://m.media-amazon.com/images/M/MV5BMTUzNTc0NTAyM15BMl5BanBnXkFtZTgwMTk1ODA5OTE@._V1_UX182_CR0,0,182,268_AL_.jpg",['Antoine Fuqua'],"['Akira Kurosawa', 'Shinobu Hashimoto']","[['Denzel Washington', 'https://m.media-amazon.com/images/M/MV5BMjE5NDU2Mzc3MV5BMl5BanBnXkFtZTcwNjAwNTE5OQ@@._V1_UY317_CR12,0,214,317_AL_.jpg'], ['Chris Pratt', 'https://m.media-amazon.com/images/M/MV5BNzg3MTgwOTgzMV5BMl5BanBnXkFtZTgwODIxMTUwMjE@._V1_UX214_CR0,0,214,317_AL_.jpg'], ['Ethan Hawke', 'https://m.media-amazon.com/images/M/MV5BMTk4NDMxMTI0MF5BMl5BanBnXkFtZTYwMjE3ODE0._V1_UY317_CR5,0,214,317_AL_.jpg']]","['Action', 'Adventure', 'Western']",2h 12min,Seven gunmen from a variety of backgrounds are brought together by a vengeful young widow to protect her town from the private army of a destructive industrialist.
Snowpiercer (2013) ,"https://m.media-amazon.com/images/M/MV5BOTdjM2NmZTgtYTFlMS00ZWE1LWExNzItZWEyZGE3NjE3OWQ5XkEyXkFqcGdeQXVyNTIzOTk5ODM@._V1_UX182_CR0,0,182,268_AL_.jpg",['Bong Joon Ho'],"['Bong Joon Ho', 'Kelly Masterson']","[['Chris Evans', 'https://m.media-amazon.com/images/M/MV5BMTU2NTg1OTQzMF5BMl5BanBnXkFtZTcwNjIyMjkyMg@@._V1_UY317_CR6,0,214,317_AL_.jpg'], ['Jamie Bell', 'https://m.media-amazon.com/images/M/MV5BZjgzMzc5MzMtNzQ4My00M2FlLTk4ZGUtNzM0ZTU2Yjc0ZGNlXkEyXkFqcGdeQXVyNjkwNzEwMzY@._V1_UX214_CR0,0,214,317_AL_.jpg'], ['Tilda Swinton', 'https://m.media-amazon.com/images/M/MV5BMTM4NzMzMTkwNV5BMl5BanBnXkFtZTcwMzU4MDg1Mw@@._V1_UY317_CR19,0,214,317_AL_.jpg']]","['Action', 'Drama', 'Sci-Fi']",2h 6min,"In a future where a failed climate-change experiment has killed all life except for the lucky few who boarded the Snowpiercer, a train that travels around the globe, a new class system emerges."
He's Just Not That Into You (2009) ,"https://m.media-amazon.com/images/M/MV5BMTY5MTUyNDgwMF5BMl5BanBnXkFtZTcwNzYzMDQyMg@@._V1_UX182_CR0,0,182,268_AL_.jpg",['Ken Kwapis'],"['Abby Kohn', 'Marc Silverstein']","[['Ginnifer Goodwin', 'https://m.media-amazon.com/images/M/MV5BY2NmODMxNzctYzA3NS00NzFiLTliYWYtMzMzNDlmM2NkMWQxXkEyXkFqcGdeQXVyMTU1MDQ2NTM@._V1_UX214_CR0,0,214,317_AL_.jpg'], ['Jennifer Aniston', 'https://m.media-amazon.com/images/M/MV5BNjk1MjIxNjUxNF5BMl5BanBnXkFtZTcwODk2NzM4Mg@@._V1_UY317_CR3,0,214,317_AL_.jpg'], ['Jennifer Connelly', 'https://m.media-amazon.com/images/M/MV5BOTczNTgzODYyMF5BMl5BanBnXkFtZTcwNjk4ODk4Mw@@._V1_UY317_CR12,0,214,317_AL_.jpg']]","['Comedy', 'Drama', 'Romance']",2h 9min,This Baltimore-set movie of interconnecting story arcs deals with the challenges of reading or misreading human behavior.
Sen to Chihiro no kamikakushi (2001) ,"https://m.media-amazon.com/images/M/MV5BNmU5OTQ0OWQtOTY0OS00Yjg4LWE1NDYtNDRhYWMxYWY4OTMwXkEyXkFqcGdeQXVyNjU0OTQ0OTY@._V1_UY268_CR3,0,182,268_AL_.jpg",['Hayao Miyazaki'],['Hayao Miyazaki'],"[['Daveigh Chase', 'https://m.media-amazon.com/images/M/MV5BMTcyMDAyMjA4NF5BMl5BanBnXkFtZTcwNjg1ODkzMg@@._V1_UY317_CR15,0,214,317_AL_.jpg'], ['Suzanne Pleshette', 'https://m.media-amazon.com/images/M/MV5BMTYxOTA5NTg3M15BMl5BanBnXkFtZTYwMzY0MDA0._V1_UY317_CR16,0,214,317_AL_.jpg'], ['Miyu Irino', 'https://m.media-amazon.com/images/M/MV5BZjA4M2Q5NDItN2FjNi00NTg3LWE3MTEtOWM0NDJmODk1YjQwXkEyXkFqcGdeQXVyNDQxNjcxNQ@@._V1_UY317_CR16,0,214,317_AL_.jpg']]","['Animation', 'Adventure', 'Family']",2h 5min,"During her family's move to the suburbs, a sullen 10-year-old girl wanders into a world ruled by gods, witches, and spirits, and where humans are changed into beasts."
The Godfather (1972) ,"https://m.media-amazon.com/images/M/MV5BM2MyNjYxNmUtYTAwNi00MTYxLWJmNWYtYzZlODY3ZTk3OTFlXkEyXkFqcGdeQXVyNzkwMjQ5NzM@._V1_UY268_CR3,0,182,268_AL_.jpg",['Francis Ford Coppola'],"['Mario Puzo', 'Francis Ford Coppola']","[['Marlon Brando', 'https://m.media-amazon.com/images/M/MV5BMTg3MDYyMDE5OF5BMl5BanBnXkFtZTcwNjgyNTEzNA@@._V1_UY317_CR97,0,214,317_AL_.jpg'], ['Al Pacino', 'https://m.media-amazon.com/images/M/MV5BMTQzMzg1ODAyNl5BMl5BanBnXkFtZTYwMjAxODQ1._V1_UX214_CR0,0,214,317_AL_.jpg'], ['James Caan', 'https://m.media-amazon.com/images/M/MV5BMTI5NjkyNDQ3NV5BMl5BanBnXkFtZTcwNjY5NTQ0Mw@@._V1_UX214_CR0,0,214,317_AL_.jpg']]","['Crime', 'Drama']",2h 55min,The aging patriarch of an organized crime dynasty transfers control of his clandestine empire to his reluctant son.
Top Gun: Maverick (2020) ,"https://m.media-amazon.com/images/M/MV5BNTEyYTA5YWYtYmIxYS00NWRlLWExNjMtNjliZmVlZDgxNTBlXkEyXkFqcGdeQXVyODk4OTc3MTY@._V1_UX182_CR0,0,182,268_AL_.jpg",['Joseph Kosinski'],"['Ehren Kruger', 'Eric Warren Singer']","[['Tom Cruise', 'https://m.media-amazon.com/images/M/MV5BMTk1MjM3NTU5M15BMl5BanBnXkFtZTcwMTMyMjAyMg@@._V1_UY317_CR14,0,214,317_AL_.jpg'], ['Jennifer Connelly', 'https://m.media-amazon.com/images/M/MV5BOTczNTgzODYyMF5BMl5BanBnXkFtZTcwNjk4ODk4Mw@@._V1_UY317_CR12,0,214,317_AL_.jpg'], ['Jean Louisa Kelly', 'https://m.media-amazon.com/images/M/MV5BYjA2NTIxODEtZDBjYy00OWY3LTg0MzgtOWI5Yzc3MDkwOWRiXkEyXkFqcGdeQXVyMjQ5MjIzNTk@._V1_UX214_CR0,0,214,317_AL_.jpg']]","['Action', 'Drama']",---,"After more than thirty years of service as one of the Navy's top aviators, Pete Mitchell is where he belongs, pushing the envelope as a courageous test pilot and dodging the advancement in rank that would ground him."
Queen & Slim (2019) ,"https://m.media-amazon.com/images/M/MV5BMjIzYmJkZmEtM2RkZS00MDA4LTg4NjAtOGRkN2EwZmFmMWE4XkEyXkFqcGdeQXVyNjg2NjQwMDQ@._V1_UX182_CR0,0,182,268_AL_.jpg",['Melina Matsoukas'],"['Lena Waithe', 'James Frey']","[['Daniel Kaluuya', 'https://m.media-amazon.com/images/M/MV5BOTk1MzgzOTg5OV5BMl5BanBnXkFtZTcwNDQ4NjMxOA@@._V1_UY317_CR1,0,214,317_AL_.jpg'], ['Jodie Turner-Smith', 'https://m.media-amazon.com/images/M/MV5BOWQxMTEzYWUtMWFiYS00ZTUxLWI5ZmYtYWE0Y2M3OGQ1YTg2XkEyXkFqcGdeQXVyNjYxMzg1MjY@._V1_UY317_CR260,0,214,317_AL_.jpg'], ['Bokeem Woodbine', 'https://m.media-amazon.com/images/M/MV5BODY0MjQ0MDQyNl5BMl5BanBnXkFtZTgwMTgxNzQxNjM@._V1_UX214_CR0,0,214,317_AL_.jpg']]","['Crime', 'Drama', 'Romance']",2h 12min,A couple's first date takes an unexpected turn when a police officer pulls them over.
Us (2019) ,"https://m.media-amazon.com/images/M/MV5BZTliNWJhM2YtNDc1MC00YTk1LWE2MGYtZmE4M2Y5ODdlNzQzXkEyXkFqcGdeQXVyMzY0MTE3NzU@._V1_UX182_CR0,0,182,268_AL_.jpg",['Jordan Peele'],['Jordan Peele'],"[[""Lupita Nyong'o"", 'https://m.media-amazon.com/images/M/MV5BMTY0NTQ4MDY2Nl5BMl5BanBnXkFtZTgwNDk1MTEyMDE@._V1_UX214_CR0,0,214,317_AL_.jpg'], ['Winston Duke', 'https://m.media-amazon.com/images/M/MV5BODgzMTk5MTEyOV5BMl5BanBnXkFtZTgwOTQyNzE2NzM@._V1_UX214_CR0,0,214,317_AL_.jpg'], ['Elisabeth Moss', 'https://m.media-amazon.com/images/M/MV5BNTMwMDg1MDkyNV5BMl5BanBnXkFtZTcwNzEwMzg1Nw@@._V1_UY317_CR131,0,214,317_AL_.jpg']]","['Horror', 'Mystery', 'Thriller']",1h 56min,A family's serene beach vacation turns to chaos when their doppelgängers appear and begin to terrorize them.
After (2019) ,"https://m.media-amazon.com/images/M/MV5BOGUwMjk3YzktNDI0Yy00MzFiLWFjNmEtYTA2ODVjMzNhODhjXkEyXkFqcGdeQXVyOTQ1MDI4MzY@._V1_UX182_CR0,0,182,268_AL_.jpg",['Jenny Gage'],"['Tom Betterton', 'Tamara Chestna']","[['Josephine Langford', 'https://m.media-amazon.com/images/M/MV5BN2MxMGRmYTItYjliNi00YTYxLTkyMGEtMzNmMmMyNjgzZTJhXkEyXkFqcGdeQXVyNTI0NDA1NTE@._V1_UY317_CR20,0,214,317_AL_.jpg'], ['Hero Fiennes Tiffin', 'https://m.media-amazon.com/images/M/MV5BMjI3MzkyMjE2M15BMl5BanBnXkFtZTgwNzIzODU0NzM@._V1_UY317_CR20,0,214,317_AL_.jpg'], ['Khadijha Red Thunder', 'https://m.media-amazon.com/images/M/MV5BMTYzMzYxMzM3MF5BMl5BanBnXkFtZTgwMzkwNzc4NzM@._V1_UX214_CR0,0,214,317_AL_.jpg']]","['Drama', 'Romance']",1h 45min,A young woman falls for a guy with a dark secret and the two embark on a rocky relationship. Based on the novel by Anna Todd.
The Matrix 4 (2021) ,"https://m.media-amazon.com/images/M/MV5BN2I5NzlmMWYtYjIwYy00Y2ZiLWI0ODgtYjAxNDZiZGJlMjlhXkEyXkFqcGdeQXVyMzk1MDQ2MQ@@._V1_UY268_CR110,0,182,268_AL_.jpg",['Lana Wachowski'],"['Aleksandar Hemon', 'David Mitchell']","[['Keanu Reeves', 'https://m.media-amazon.com/images/M/MV5BNjUxNDcwMTg4Ml5BMl5BanBnXkFtZTcwMjU4NDYyOA@@._V1_UY317_CR15,0,214,317_AL_.jpg'], ['Yahya Abdul-Mateen II', 'https://m.media-amazon.com/images/M/MV5BMzAzZmFmMjAtYTE1Yy00ZWViLWE2YWYtYjUzZWE3MDVlMWIwXkEyXkFqcGdeQXVyMDM2NDM2MQ@@._V1_UY317_CR2,0,214,317_AL_.jpg'], ['Jonathan Groff', 'https://m.media-amazon.com/images/M/MV5BMTUzMDM1NzkxN15BMl5BanBnXkFtZTgwOTg0MzMwNDI@._V1_UY317_CR12,0,214,317_AL_.jpg']]","['Action', 'Sci-Fi']",---,The plot is currently unknown.
